,author,author_id,average_rating,book_id,ratings_count,title,title_query
0,Allegra Goodman,16264,3.31,7632696,11945,The Cookbook Collector,THE COOKBOOK COLLECTOR
1,Alexander McCall Smith,4738,3.72,13642130,3932,"The Uncommon Appeal of Clouds (Isabel Dalhousie, #9)",THE UNCOMMON APPEAL OF CLOUDS
2,Cathleen Schine,127216,2.90,6670347,7598,The Three Weissmanns of Westport,THE THREE WEISSMANNS OF WESTPORT
3,Amanda Quick,42211,4.03,6908832,7193,"Burning Lamp (Arcane Society, #8; Dreamlight Trilogy, #2)",BURNING LAMP
4,Jennifer Chiaverini,11630,3.86,6654118,3777,"The Aloha Quilt (Elm Creek Quilts, #16)",THE ALOHA QUILT
5,Louise Penny,194243,4.20,16045144,35792,"The Beautiful Mystery (Chief Inspector Armand Gamache, #8)",THE BEAUTIFUL MYSTERY
6,Tess Gerritsen,18149,4.10,2653622,29612,"The Keepsake (Rizzoli &amp; Isles, #7)",THE KEEPSAKE
7,Patrick Rothfuss,108424,4.58,1215032,346792,"The Wise Man's Fear (The Kingkiller Chronicle, #2)",THE WISE MAN'S FEAR
8,Kate Morton,615274,4.05,21104828,81203,The Lake House,THE LAKE HOUSE
9,Susan Elizabeth Phillips,41313,4.08,8437379,19182,"Call Me Irresistible (Wynette, Texas, #5)",CALL ME IRRESISTIBLE
10,Christina Baker Kline,157146,3.87,30255942,47666,A Piece of the World,A PIECE OF THE WORLD
11,Debbie Macomber,11349,4.04,16156294,11497,"Rose Harbor in Bloom (Rose Harbor, #2)",ROSE HARBOR IN BLOOM
12,Roma Downey,435808,4.24,15789630,491,"A Story of God and All of Us: A Novel Based on the Epic TV Miniseries ""The Bible""",THE STORY OF GOD AND ALL OF US
13,James Lee Burke,7031,4.00,6238661,4559,"Rain Gods (Hackberry Holland, #2)",RAIN GODS
14,Johanna Lindsey,29542,3.98,7125012,6079,"That Perfect Someone (Malory-Anderson Family, #10)",THAT PERFECT SOMEONE
15,Suzanne Collins,153394,4.33,2767052,5629612,"The Hunger Games (The Hunger Games, #1)",THE GAMES
16,James Patterson,3780,3.92,14781501,29467,"NYPD Red (NYPD Red, #1)",NYPD RED
17,Lauren Wilkinson,17287509,3.96,40274582,82,American Spy,AN AMERICAN SPY
18,Dean Koontz,9355,4.14,15722284,16771,"Saint Odd (Odd Thomas, #7)",SAINT ODD
19,Ruth Ware,9013543,3.68,27834600,150137,"In a Dark, Dark Wood","IN A DARK, DARK WOOD"
20,Richard Paul Evans,46097,4.15,23058989,10312,The Mistletoe Promise,THE MISTLETOE PROMISE
21,Sandra Brown,6218,3.96,29203612,18194,Sting,STING
22,Iris Johansen,32498,4.08,23847964,3997,"Shadow Play (Eve Duncan, #19)",SHADOW PLAY
23,Wally Lamb,3505,3.81,3086160,53248,The Hour I First Believed,THE HOUR I FIRST BELIEVED
24,Robert Galbraith,383606,4.22,40611999,129310,"Career of Evil (Cormoran Strike, #3)",CAREER OF EVIL
25,Dan Simmons,2687,4.02,11279,17233,Summer of Night (Seasons of Horror #1),THE NIGHT SEASON
26,Mark Helprin,8146,3.47,13391073,3365,In Sunlight and in Shadow,IN SUNLIGHT AND IN SHADOW
27,Richard Castle,1953433,3.97,17336666,8793,"Deadly Heat (Nikki Heat, #5)",DEADLY HEAT
28,Leila Sales,3390621,3.69,10637697,5895,Past Perfect,PAST PERFECT
29,Rainbow Rowell,4208569,3.55,18081809,139762,Landline,LANDLINE
30,Robyn Carr,107767,4.20,5324907,9855,"Paradise Valley (Virgin River, #7)",PARADISE VALLEY
31,Eleanor Catton,2093764,3.71,17333230,55312,The Luminaries,THE LUMINARIES
32,Eric Van Lustbader,39467,3.89,2590991,7335,"The Bourne Sanction (Jason Bourne, #6)",THE BOURNE SANCTION
33,Haruki Murakami,3354,4.03,11297,267492,Norwegian Wood,INTO THE WOODS
34,Jennifer Chiaverini,11630,3.76,10782121,2638,The Wedding Quilt (Elm Creek Quilts #18),THE WEDDING QUILT
35,Paolo Bacigalupi,1226977,3.83,23209924,17759,The Water Knife,THE WATER KNIFE
36,Elizabeth Strout,97313,3.56,15823461,51098,The Burgess Boys,THE BURGESS BOYS
37,Debbie Macomber,11349,3.85,13533655,5436,"Angels at the Table (Angels Everywhere, #7)",ANGELS AT THE TABLE
38,George R.R. Martin,346732,3.69,17279560,10558,Dangerous Women,DANGEROUS WOMEN
39,Alexander McCall Smith,4738,3.78,2502504,6204,"The Comforts of a Muddy Saturday (Isabel Dalhousie, #5)",THE COMFORTS OF A MUDDY SATURDAY
40,W.E.B. Griffin,1415338,4.04,30072482,1121,"Curtain of Death (Clandestine Operations, #3)",CURTAIN OF DEATH
41,Stuart Woods,3936,3.78,2900249,5574,"Hot Mahogany (Stone Barrington, #15)",HOT MAHOGANY
42,Tim Dorsey,27017,4.10,8586212,2032,"Electric Barracuda (Serge Storms, #13)",ELECTRIC BARRACUDA
43,James Patterson,3780,4.23,30736665,15491,The Black Book,THE BLACK BOOK
44,Maitreyi Devi,253901,3.90,452198,1724,It Does Not Die,DO OR DIE
45,Patricia Briggs,40563,4.34,7942786,39983,"Fair Game (Alpha &amp; Omega, #3)",FAIR GAME
46,Sophie Kinsella,6160,3.41,17910611,69961,Wedding Night,WEDDING NIGHT
47,Steve Berry,3621,3.83,18310175,10210,"The Lincoln Myth (Cotton Malone, #9)",THE LINCOLN MYTH
48,Hilary Mantel,58851,3.45,20563988,7515,The Assassination of Margaret Thatcher,THE ASSASSINATION OF MARGARET THATCHER
49,Yann Martel,811,3.14,7176578,18379,Beatrice and Virgil,BEATRICE AND VIRGIL
50,Amanda Quick,42211,3.83,18667949,5734,Otherwise Engaged,OTHERWISE ENGAGED
51,J.D. Robb,17065,4.35,24611529,15373,"Devoted in Death (In Death, #41)",DEVOTED IN DEATH
52,John Grisham,721,3.73,34121119,64064,Camino Island,CAMINO ISLAND
53,Jojo Moyes,281810,4.18,41839602,81101,Still Me,STILL ME
54,Jennifer Egan,49625,3.40,774726,10385,Look at Me,LOOKING FOR ME
55,Umberto Eco,1730,3.42,10314376,19976,The Prague Cemetery,THE PRAGUE CEMETERY
56,Sherrilyn Kenyon,4430,4.22,6944032,66324,"Night Pleasures (Dark-Hunter, #1)",NIGHT OF THE HUNTER
57,Neal Stephenson,545,3.97,10552338,44259,Reamde,REAMDE
58,Karen Marie Moning,48206,4.21,12444298,18489,"Feverborn (Fever, #8)",FEVERBORN
59,Jim Butcher,10746,4.02,47212,248833,"Storm Front (The Dresden Files, #1)",STORM FRONT
60,Zadie Smith,2522,3.57,28390369,42368,Swing Time,SWING TIME
61,Emily Giffin,13370,3.88,12987977,80317,Where We Belong,WHERE WE BELONG
62,Danielle Steel,14255,3.81,13531845,6041,The Sins of the Mother,THE SINS OF THE MOTHER
63,Liane Moriarty,322069,4.25,19486412,564621,Big Little Lies,MORIARTY
64,Olen Steinhauer,327983,3.62,17934481,4657,The Cairo Affair,THE CAIRO AFFAIR
65,Jane Green,12915,3.43,6054190,12548,Dune Road,DUNE ROAD
66,Sadie Jones,821338,3.61,2054504,7837,The Outcast,OUTCAST
67,Christine Feehan,6268,4.22,10606009,10691,"Dark Predator (Dark, #19)",DARK PREDATOR
68,Catherine Coulter,1239,4.04,29093764,6295,"Insidious (FBI Thriller, #20)",INSIDIOUS
69,Bob Drury,333999,4.13,38363129,145,Valley Forge,VALLEY FORGE
70,Betsy Brannon Green,184835,4.15,2869022,2127,"Hazardous Duty (Duty Series, #1)",HAZARDOUS DUTY
71,Fiona Barton,14031516,3.49,25734248,68726,"The Widow (Kate Waters, #1)",THE WIDOW
72,Eileen Cook,1049315,3.52,26153925,8839,With Malice,MALICE
73,Christopher Moore,16218,3.79,35301333,6736,Noir,NOIR
74,S.M. Stirling,14002,3.83,13543199,2164,"Lord of Mountains (Emberverse, #9)",LORD OF MOUNTAINS
75,Glenn Beck,188932,3.82,17706554,1024,"The Eye of Moloch (Overton Window, #2)",THE EYE OF MOLOCH
76,Randy Susan Meyers,3006839,3.69,6674372,13213,The Murderer's Daughters,THE MURDERER'S DAUGHTER
77,S.H. Kolee,6435350,3.74,17458607,429,Hunting Shadows (Shadow #3),HUNTING SHADOWS
78,John Grisham,721,3.81,13154952,35627,Calico Joe,CALICO JOE
79,Eric Van Lustbader,39467,3.92,9682791,4440,"The Bourne Dominion (Jason Bourne, #9)",THE BOURNE DOMINION
80,Diana Gabaldon,3617,4.23,32739396,6343,Seven Stones to Stand or Fall,SEVEN STONES TO STAND OR FALL
81,Christie Golden,7710,3.81,34364387,3393,Battlefront II: Inferno Squad,BATTLEFRONT II: INFERNO SQUAD
82,Danielle Steel,14255,3.89,6363484,6032,Southern Lights,SOUTHERN LIGHTS
83,Erin Bowman,4774653,3.76,11044367,11156,"Taken (Taken, #1)",TAKEN
84,Daniel Silva,29085,4.30,5739373,24665,"The Defector (Gabriel Allon, #9)",THE DEFECTOR
85,John Lescroart,10521,4.12,5802612,4792,"A Plague of Secrets (Dismas Hardy, #13)",A PLAGUE OF SECRETS
86,J.D. Robb,17065,4.41,3492020,28896,"Promises in Death (In Death, #28)",PROMISES IN DEATH
87,Jasper Fforde,4432,3.95,8131227,16395,"One of Our Thursdays Is Missing (Thursday Next, #6)",ONE OF OUR THURSDAYS IS MISSING
88,Fannie Flagg,6125,3.57,7897620,15937,I Still Dream About You,I STILL DREAM ABOUT YOU
89,John le Carré,1411964,3.40,7839766,9168,Our Kind of Traitor,OUR KIND OF TRAITOR
90,Jennifer Egan,49625,3.40,774726,10385,Look at Me,LOOK FOR ME
91,Curtis Sittenfeld,6429,3.35,16099180,34953,Sisterland,SISTERLAND
92,Kresley Cole,4428,4.42,10790516,36245,"Lothaire (Immortals After Dark, #12)",LOTHAIRE
93,Orson Scott Card,589,3.90,3220405,41861,"Ender in Exile (Ender's Saga, #1.2)",ENDER IN EXILE
94,M.J. Hyland,136085,3.43,251052,3480,How the Light Gets In,HOW THE LIGHT GETS IN
95,Steve Berry,3621,3.93,21853687,7918,"The Patriot Threat (Cotton Malone, #10)",THE PATRIOT THREAT
96,Lorrie Moore,11746,3.15,6076387,16011,A Gate at the Stairs,A GATE AT THE STAIRS
97,Francine Rivers,6492,4.36,8142508,13429,"Her Daughter's Dream (Marta's Legacy, #2)",HER DAUGHTER'S DREAM
98,Charlaine Harris,17061,3.77,28220808,6102,"All the Little Liars (Aurora Teagarden, #9)",ALL THE LITTLE LIARS
99,Albert Camus,957894,3.97,49552,573467,The Stranger,THE STRANGER
100,Mary Higgins Clark,99044,3.62,30753558,8613,"All By Myself, Alone","ALL BY MYSELF, ALONE"
101,Harlan Coben,24689,3.98,6681454,44069,Caught,CAUGHT
102,Joanne Fluke,18819,3.75,11796251,7990,"Cinnamon Roll Murder (Hannah Swensen, #15)",CINNAMON ROLL MURDER
103,Lisa Wingate,178832,4.36,32148570,188316,Before We Were Yours,BEFORE WE WERE YOURS
104,Christine Feehan,6268,4.26,12398199,8808,"Dark Storm (Dark, #20)",DARK STORM
105,Kimberly McCreight,6452053,3.83,15776309,111156,Reconstructing Amelia,RECONSTRUCTING AMELIA
106,Sophie Kinsella,6160,3.71,7415016,48050,"Mini Shopaholic (Shopaholic, #6)",MINI SHOPAHOLIC
107,Jeff Shaara,14655,4.17,15981669,2416,"A Chain of Thunder (Civil War: 1861-1865, Western Theater, #2)",A CHAIN OF THUNDER
108,Kimberly Marcus,4044314,3.73,8320987,2746,Exposed,EXPOSED
109,James Patterson,3780,3.80,2029176,23962,Sail,SAIL
110,Joanne Fluke,18819,3.48,28439435,4782,"Christmas Caramel Murder (Hannah Swensen, #20)",CHRISTMAS CARAMEL MURDER
111,David Foster Wallace,4339,3.95,9443405,13613,The Pale King,THE PALE KING
112,Sara Paretsky,28509,3.87,24875357,2970,"Brush Back (V.I. Warshawski, #17)",BRUSH BACK
113,Meg Cabot,11654,3.82,2068676,31991,"Queen of Babble Gets Hitched (Queen of Babble, #3)",QUEEN OF BABBLE GETS HITCHED
114,Brandon Sanderson,38550,4.65,7235533,221651,"The Way of Kings (The Stormlight Archive, #1)",THE WAY OF KINGS
115,Sarah Addison Allen,566874,3.96,21853633,27287,"First Frost (Waverley Family, #2)",FIRST FROST
116,T. Coraghessan Boyle,1064072,3.61,25756271,5454,The Harder They Come,THE HARDER THEY COME
117,Eric Van Lustbader,39467,4.07,7144426,17690,"The Bourne Objective (Jason Bourne, #8)",THE BOURNE OBJECTIVE
118,Joel C. Rosenberg,221833,4.33,11474598,5051,"The Tehran Initiative (The Twelfth Imam, #2)",THE TEHRAN INITIATIVE
119,Cath Crowley,1348627,4.10,31952703,15742,Words in Deep Blue,DEEP BLUE
120,Oliver Pötzsch,2783820,3.73,9496240,62411,"The Hangman's Daughter (The Hangman's Daughter, #1)",HANGMAN
121,Peter Straub,6941,3.95,19581,62176,Ghost Story,GHOST STORY
122,Garth Risk Hallberg,787031,3.41,24189224,12286,City on Fire,CITY ON FIRE
123,Robert Knott,828924,3.85,15824167,2334,"Robert B. Parker's Ironhorse (Virgil Cole and Everett Hitch, #5)",ROBERT B PARKER'S IRONHORSE
124,Anna Quindlen,3500,3.64,17884042,45862,Still Life with Bread Crumbs,STILL LIFE WITH BREAD CRUMBS
125,Joel C. Rosenberg,221833,4.21,9246711,6827,"The Twelfth Imam (The Twelfth Imam, #1)",THE TWELFTH IMAM
126,James Patterson,3780,3.36,8273044,11236,Toys,TOYS
127,Claire Messud,2508,3.31,15701217,29256,The Woman Upstairs,THE WOMAN UPSTAIRS
128,Joanna Bourne,486041,4.02,959745,6244,"The Spymaster's Lady (Spymasters, #1)",SPYMASTER
129,Michael Connelly,12470,4.12,17333227,36489,"The Gods of Guilt (Mickey Haller, #5; Harry Bosch Universe, #25)",THE GODS OF GUILT
130,Lev Grossman,142270,4.16,19103097,54624,"The Magician's Land (The Magicians, #3)",THE MAGICIAN'S LAND
131,Adriana Trigiani,9219,3.99,13127599,69319,The Shoemaker's Wife,THE SHOEMAKER'S WIFE
132,George R.R. Martin,346732,4.45,13496,1704082,"A Game of Thrones (A Song of Ice and Fire, #1)",ICE
133,Dennis F. Larsen,6894226,3.72,17253906,53,With Cruel Intent,CRUEL INTENT
134,Douglas Preston,12577,4.12,20980959,15220,"Blue Labyrinth (Pendergast, #14)",BLUE LABYRINTH
135,Michael Connelly,12470,4.32,34390820,31950,"Two Kinds of Truth (Harry Bosch, #20; Harry Bosch Universe, #30)",TWO KINDS OF TRUTH
136,James Rollins,38809,4.13,23434061,10471,"The Bone Labyrinth (Sigma Force, #11)",THE BONE LABYRINTH
137,James Patterson,3780,3.84,11343348,19618,"Private Games (Private, #3)",PRIVATE GAMES
138,Gabriel Tallent,16231256,3.65,33572350,27582,My Absolute Darling,MY ABSOLUTE DARLING
139,Mary Higgins Clark,99044,3.68,842355,4246,Silent Night,SILENT NIGHT
140,Stuart Woods,3936,3.68,20821226,3693,"Paris Match (Stone Barrington, #31)",PARIS MATCH
141,Sherrilyn Kenyon,4430,4.52,13079147,7734,Born of Fury (The League: Nemesis Rising #6),BORN OF FURY
142,Michael Connelly,12470,4.00,6413193,33502,"Nine Dragons (Harry Bosch, #14; Harry Bosch Universe, #20)",NINE DRAGONS
143,Judy Blume,12942,3.52,23899174,56720,In the Unlikely Event,IN THE UNLIKELY EVENT
144,Eoin Colfer,10896,3.84,249747,437947,"Artemis Fowl (Artemis Fowl, #1)",ARTEMIS
145,Douglas Preston,12577,4.01,2197227,20562,"Cemetery Dance (Pendergast, #9)",CEMETERY DANCE
146,Viktor E. Frankl,2782,4.35,4069,268358,Man's Search for Meaning,THE SEARCH
147,Stephen White,20950,3.68,17415169,1626,"Compound Fractures (Alan Gregory, #20)",COMPOUND FRACTURES
148,Elin Hilderbrand,88301,3.83,18656006,27292,The Matchmaker,THE MATCHMAKER
149,Gail Carriger,2891665,3.80,12799420,11940,"Prudence (The Custard Protocol, #1)",PRUDENCE
150,Pete Nelson,63539,3.83,109802,1451,Left for Dead,LEFT FOR DEAD
151,Jack Campbell,55547,4.03,9676849,11615,"Dreadnaught (The Lost Fleet: Beyond the Frontier, #1)",THE LOST FLEET. BEYOND THE FRONTIER: DREADNAUGHT
152,Eric Jerome Dickey,12936,3.99,1686166,1646,Tempted by Trouble,TEMPTED BY TROUBLE
153,M.L. Stedman,5755257,4.02,13158800,348057,The Light Between Oceans,THE LIGHT BETWEEN OCEANS
154,Stephen Hunter,12546,3.81,2990651,3250,"Night of Thunder (Bob Lee Swagger, #5)",NIGHT OF THUNDER
155,Douglas Preston,12577,4.13,136637,30448,"Brimstone (Pendergast, #5; Diogenes, #1)",BRIMSTONE
156,David Ignatius,100030,3.74,13093648,2239,Bloodmoney,BLOODMONEY
157,Neil Gaiman,1221698,3.92,22522808,43998,Trigger Warning: Short Fictions and Disturbances,TRIGGER WARNING
158,Jonathan Kellerman,43626,3.69,31849494,4601,"Crime Scene (Clay Edison, #1)",CRIME SCENE
159,Arthur  Miller,8120,3.56,17250,282149,The Crucible,CRUCIBLE
160,David Graham,69379,3.91,2034476,718,Down to a Sunless Sea,A SUNLESS SEA
161,Ian McEwan,2408,3.69,30008702,34810,Nutshell,NUTSHELL
162,Stuart Woods,3936,3.74,3537195,2775,"Mounting Fears (Will Lee, #7)",MOUNTING FEARS
163,Ashley Elston,5317545,3.91,13018503,8037,"The Rules for Disappearing (The Rules for Disappearing, #1)",THE DISAPPEARED
164,Jeffery Deaver,1612,3.81,5568007,9882,"Roadside Crosses (Kathryn Dance, #2)",ROADSIDE CROSSES
165,Caroline Mitchell,3076677,3.94,35389818,17418,Silent Victim,VICTIMS
166,J. Ryan Stradal,9761936,3.77,23398625,28778,Kitchens of the Great Midwest,KITCHENS OF THE GREAT MIDWEST
167,Jay Asher,569269,3.97,29844228,673564,Thirteen Reasons Why,THIRTEEN
168,Laurie R. King,6760,4.16,5226845,12676,"The Language of Bees (Mary Russell, #9)",THE LANGUAGE OF BEES
169,Kim Harrison,17054,4.45,8138071,41467,"Pale Demon (The Hollows, #9)",PALE DEMON
170,Elizabeth  George,1402383,3.79,11737276,11353,"Believing the Lie (Inspector Lynley, #17)",BELIEVING THE LIE
171,Linda Fairstein,48895,3.74,18693651,3387,"Terminal City (Alexandra Cooper, #16)",TERMINAL CITY
172,Mike Greenberg,7944,3.68,15818396,4715,All You Could Ask For,ALL YOU COULD ASK FOR
173,John Scalzi,4763,3.84,13055592,74174,Redshirts,REDSHIRTS
174,Robert Jordan,6252,4.36,1166599,112192,"The Gathering Storm (Wheel of Time, #12)",THE GATHERING STORM
175,Mary Kay Andrews,21387,3.61,23245594,13149,Beach Town,BEACH TOWN
176,James Patterson,3780,3.79,6987558,13721,Don't Blink,DON'T BLINK
177,Orson Scott Card,589,3.94,13151129,37505,"Earth Unaware (The First Formic War, #1)",EARTH UNAWARE
178,John Scalzi,4763,3.88,21418013,45172,"Lock In (Lock In, #1)",LOCK IN
179,James Patterson,3780,3.85,33143062,7005,"Fifty Fifty (Detective Harriet Blue, #2)",FIFTY FIFTY
180,Sandra Brown,6218,4.05,10875239,25907,Lethal,LETHAL
181,Reed Farrel Coleman,138518,3.91,20821292,3722,"Robert B. Parker's Blind Spot (Jesse Stone, #13)",ROBERT B PARKER'S BLIND SPOT
182,Alan Furst,49941,3.89,7440139,4763,"Spies of the Balkans (Night Soldiers, #11)",SPIES OF THE BALKANS
183,Carl Hiaasen,8178,3.81,28185972,14362,"Razor Girl (Andrew Yancy, #2)",RAZOR GIRL
184,Felix Francis,535902,3.85,10840307,2695,Dick Francis's Gamble,DICK FRANCIS'S GAMBLE
185,Melanie Benjamin,2958717,3.59,25279165,23982,The Swans of Fifth Avenue,THE SWANS OF FIFTH AVENUE
186,Drew Karpyshyn,20030,4.50,16071610,1372,The Darth Bane Series (Star Wars: Darth Bane #1-3),DARTH BANE
187,Dick Francis,5561,3.74,6329494,3099,Even Money,EVEN MONEY
188,Sara Gruen,24556,4.08,43641,1226238,Water for Elephants,INTO THE WATER
189,W.E.B. Griffin,1415338,4.15,13593569,1445,"Empire and Honor (Honor Bound, #7)",EMPIRE AND HONOR
190,Jack Higgins,19706,3.87,7928354,2939,"The Judas Gate (Sean Dillon, #18)",THE JUDAS GATE
191,Laurell K. Hamilton,9550,3.88,21066968,11282,"Dead Ice (Anita Blake, Vampire Hunter, #24)",DEAD ICE
192,Danielle Steel,14255,3.86,27272223,7880,The Apartment,THE APARTMENT
193,Sophie Kinsella,6160,3.63,9416,587831,"Confessions of a Shopaholic (Shopaholic, #1)",THE CONFESSION
194,Margaret Atwood,3472,3.87,28588073,19904,Hag-Seed,HAG-SEED
195,Brandon Sanderson,38550,4.36,68429,217389,"The Well of Ascension (Mistborn, #2)",ASCENSION
196,Clive Cussler,18411,4.09,33874794,3774,"The Romanov Ransom (Fargo Adventure, #9)",THE ROMANOV RANSOM
197,Shauna Singh Baldwin,19957,3.72,501815,489,The Tiger Claw,TIGER'S CLAW
198,Johanna Lindsey,29542,3.77,5945363,5408,"A Rogue of My Own (Reid Family, #3)",A ROGUE OF MY OWN
199,Dorothea Benton Frank,36935,3.85,37955592,7410,By Invitation Only,BY INVITATION ONLY
200,Stephanie Laurens,9241,3.91,3939628,3236,"Temptation and Surrender (Cynster, #15)",TEMPTATION AND SURRENDER
201,John Grisham,721,3.59,1248179,45355,The Appeal,THE APPEAL
202,James Patterson,3780,4.02,10343389,27512,"Kill Alex Cross (Alex Cross, #18)",KILL ALEX CROSS
203,Newt Scamander,57983,3.99,41899,269994,Fantastic Beasts and Where to Find Them,THE BEAST
204,Lisa Lutz,74189,4.03,12166282,8198,"Trail of the Spellmans (The Spellmans, #5)",TRAIL OF THE SPELLMANS: DOCUMENT
205,James Patterson,3780,4.05,13037558,16929,"I, Michael Bennett (Michael Bennett, #5)","I, MICHAEL BENNETT"
206,John Jackson Miller,20028,4.05,17262173,6917,Kenobi (Star Wars),KENOBI
207,Eric Van Lustbader,39467,3.88,12988988,2971,"The Bourne Imperative (Jason Bourne, #10)",THE BOURNE IMPERATIVE
208,Erin McCarthy,7941,4.03,5303134,10003,"Hard and Fast (Fast Track, #2)",FAST TRACK
209,James Patterson,3780,4.20,34522506,12559,"The People vs. Alex Cross (Alex Cross, #25)",THE PEOPLE VS. ALEX CROSS
210,Elizabeth Berg,3529,3.48,4815584,10324,Home Safe,HOME SAFE
211,Lauren Kate,2905297,3.73,6487308,442454,"Fallen (Fallen, #1)",THE FALLEN
212,Lee Child,5091,4.10,6977769,61098,"61 Hours (Jack Reacher, #14)",61 HOURS
213,Kate Atkinson,10015,3.93,3722183,41388,"A God in Ruins (Todd Family, #2)",A GOD IN RUINS
214,Janet Evanovich,2384,3.82,19004663,45788,"Top Secret Twenty-One (Stephanie Plum, #21)",TOP SECRET TWENTY-ONE
215,George R.R. Martin,346732,4.45,13496,1704082,"A Game of Thrones (A Song of Ice and Fire, #1)",ICED
216,Jonathan Lethem,6404,3.27,17234581,3588,Dissident Gardens,DISSIDENT GARDENS
217,Jojo Moyes,281810,3.97,18693627,117608,The Girl You Left Behind,THE GIRL YOU LEFT BEHIND
218,Blake Crouch,442240,4.10,27833670,159138,Dark Matter,DARK MATTER
219,Paula McLain,290189,3.80,8683812,234479,The Paris Wife,PARIS
220,Jeff Shaara,14655,4.26,6441706,3934,"No Less Than Victory (World War II: 1939-1945, #3)",NO LESS THAN VICTORY
221,Jim Butcher,10746,4.38,6316821,51508,"First Lord's Fury (Codex Alera, #6)",FIRST LORD'S FURY
222,Karen Marie Moning,48206,4.33,2702704,83950,"Faefever (Fever, #3)",FAEFEVER
223,Katherine Sutcliffe,76459,3.72,866934,240,Bad Moon Rising,BAD MOON RISING
224,Dean Koontz,9355,3.75,7830126,17567,"What the Night Knows (What the Night Knows, #1)",WHAT THE NIGHT KNOWS
225,Sarah Waters,25334,3.69,25584847,21115,The Night Watch,NIGHT WATCH
226,Anders Roslund,676070,3.83,9292518,5251,Three Seconds (Grens &amp; Sundkvist #5),THREE SECONDS
227,Jayne Ann Krentz,2387,3.96,15765663,5175,"Dream Eyes (Dark Legacy, #2)",DREAM EYES
228,Elin Hilderbrand,88301,3.89,9503336,31447,Silver Girl,SILVER GIRL
229,Lisa Lutz,74189,4.20,6571967,11505,"The Spellmans Strike Again (The Spellmans, #4)",THE SPELLMANS STRIKE AGAIN
230,Melody Anne,5192439,3.93,18478590,14206,"Surrender (Surrender, #1)",THE SURRENDERED
231,Mary Higgins Clark,99044,3.77,18143968,14647,"I've Got You Under My Skin (Under Suspicion, #1)",I'VE GOT YOU UNDER MY SKIN
232,Melissa Francis,2890288,3.90,6319120,2637,"Bite Me! (Bite Me, #1)",BITE ME
233,Kresley Cole,4428,4.05,17558070,14790,"The Professional (The Game Maker, #1)",THE PROFESSIONAL
234,Tana French,138825,3.85,23398965,49782,The Secret Place (Dublin Murder Squad #5),THE SECRET PLACE
235,Chris Columbus,381166,3.81,13380221,9965,"House of Secrets (House of Secrets, #1)",THE HOUSE OF SECRETS
236,David Baldacci,9291,4.06,17333431,24335,"King and Maxwell (Sean King &amp; Michelle Maxwell, #6)",KING AND MAXWELL
237,Maeve Binchy,3532,3.81,15990489,38073,A Week in Winter,A WEEK IN WINTER
238,Scott Lynch,73149,4.24,2890090,68021,"The Republic of Thieves (Gentleman Bastard, #3)",THE REPUBLIC OF THIEVES
239,Lev Grossman,142270,3.92,10079321,75346,"The Magician King (The Magicians, #2)",THE MAGICIAN KING
240,Lee Child,5091,4.11,33378951,42471,"The Midnight Line (Jack Reacher, #22)",THE MIDNIGHT LINE
241,Bethenny Frankel,2851433,3.24,13160313,2189,Skinnydipping,SKINNYDIPPING
242,V.E. Schwab,7168230,4.09,22055262,130506,"A Darker Shade of Magic (Shades of Magic, #1)",MAGIC
243,Kim Harrison,17054,4.35,3475268,43991,"White Witch, Black Curse (The Hollows, #7)","WHITE WITCH, BLACK CURSE"
244,Pat Conroy,6942,3.80,6135237,37328,South of Broad,SOUTH OF BROAD
245,J.D. Robb,17065,4.26,6542645,18581,"Fantasy in Death (In Death, #30)",FANTASY IN DEATH
246,J.A. Jance,3453636,4.12,9633628,6384,"Betrayal of Trust (J.P. Beaumont, #20)",BETRAYAL OF TRUST
247,Kendall Ryan,6473923,3.82,36297992,4261,"xo, Zach",XO
248,Sandra Brown,6218,3.95,33296575,12417,Seeing Red,SEEING RED
249,Sophie Kinsella,6160,3.94,12033455,170417,I've Got Your Number,I'VE GOT YOUR NUMBER
250,Harlan Coben,24689,4.06,34001659,32848,Don't Let Go,DON'T LET GO
251,Alessandro Baricco,908,3.83,61264,29319,Silk,SILKS
252,J.A. Jance,3453636,4.03,13342424,5501,"Judgment Call (Joanna Brady, #15)",JUDGMENT CALL
253,NaN,NaN,NaN,NaN,NaN,NaN,THERE THERE
254,J.A. Jance,3453636,4.15,33385013,3795,"Proof of Life (J.P. Beaumont, #23)",PROOF OF LIFE
255,Anne Tyler,457,3.40,22501028,71316,A Spool of Blue Thread,A SPOOL OF BLUE THREAD
256,Robertson Davies,23129,3.89,10859132,35,Thrice the Brinded Cat Hath Mew'd,THRICE THE BRINDED CAT HATH MEW'D
257,Charlaine Harris,17061,3.70,7102544,9798,"Death's Excellent Vacation (Sookie Stackhouse #9.5, Night Huntress, #4.5, Sept Dragons #7.5)",DEATH'S EXCELLENT VACATION
258,Autumn Doughton,6573700,3.95,17861295,8102,In This Moment,IN THIS MOMENT
259,Kate Morton,615274,4.14,13508607,118225,The Secret Keeper,THE SECRET KEEPER
260,Joe Schreiber,263547,3.65,6310782,6830,Death Troopers (Star Wars),DEATH TROOPERS
261,Annie Winters,10704491,3.70,23731750,1514,"The Vigilante's Lover (The Vigilantes, #1)",THE VIGILANTES
262,Robert Louis Stevenson,854076,3.83,295,349349,Treasure Island,THE ISLAND
263,Tom Clancy,3892,4.10,18342283,12066,"Command Authority (Jack Ryan Universe, #16)",COMMAND AUTHORITY
264,Clive Cussler,18411,3.96,18079599,4090,"The Bootlegger (Isaac Bell, #7)",THE BOOTLEGGER
265,Fern Michaels,2609,3.53,6225116,2478,Mr. and Miss Anonymous,MR. AND MISS ANONYMOUS
266,Neal Stephenson,545,3.99,22816087,74848,Seveneves,SEVENEVES
267,Mary Kubica,7392948,3.38,32735394,18381,Every Last Lie,THE LAST LIE
268,Jeffery Deaver,1612,3.45,17368273,6471,The October List,THE OCTOBER LIST
269,Laurell K. Hamilton,9550,4.04,6098691,22712,"Divine Misdemeanors (Merry Gentry, #8)",DIVINE MISDEMEANORS
270,Jonathan Kellerman,43626,3.27,20821302,3530,"The Golem of Hollywood (Detective Jacob Lev, #1)",THE GOLEM OF HOLLYWOOD
271,Lee Child,5091,4.04,17262159,50715,"Never Go Back (Jack Reacher, #18)",NEVER GO BACK
272,Erich Segal,15516,3.61,73968,48428,"Love Story (Love Story, #1)",LOVE STORY
273,Matthew Quick,1251730,4.00,13539044,138466,The Silver Linings Playbook,SILVER LININGS
274,Ken Follett,3447,4.32,12959233,106795,Winter of the World (The Century Trilogy #2),WINTER OF THE WORLD
275,Dorothea Benton Frank,36935,3.57,23215447,8028,All the Single Ladies,ALL THE SINGLE LADIES
276,Sandra Brown,6218,3.99,2306910,13637,Smoke Screen,SMOKE SCREEN
277,Danielle Steel,14255,3.93,2892420,6413,A Good Woman,A GOOD WOMAN
278,GRANT BLACKWOOD (author),18179460,4.20,40733690,5,Tom Clancy's Duty and Honor,TOM CLANCY: DUTY AND HONOR
279,Michael Chabon,2715,3.82,26795307,25587,Moonglow,MOONGLOW
280,Amanda Quick,42211,3.84,12019626,6420,"Crystal Gardens (Ladies of Lantern Street, #1)",CRYSTAL GARDENS
281,David Weber,10517,4.11,3667676,4210,"Storm from the Shadows (Honorverse: Saganami Island, #2)",STORM FROM THE SHADOWS
282,Robert A. Heinlein,205,4.17,16690,96117,The Moon is a Harsh Mistress,THE MISTRESS
283,Katherine Howe,342135,3.70,4836308,47693,The Physick Book of Deliverance Dane,THE PHYSICK BOOK OF DELIVERANCE DANE
284,Toni De Palma,465309,3.78,13610688,76,"The Devil's Triangle (The Devil's Triangle, #1)",THE DEVIL'S TRIANGLE
285,Ernest Cline,31712,3.51,16278318,82366,Armada,ARMADA
286,Brad Meltzer,14610,3.79,31933276,10421,The Escape Artist,THE ESCAPE ARTIST
287,Suzanne Brockmann,32638,4.21,5571541,5392,"Hot Pursuit (Troubleshooters, #15)",HOT PURSUIT
288,Augusten Burroughs,3058,4.02,32370,78152,Dry,THE DRY
289,Geraldine Brooks,211268,3.82,9684523,55437,Caleb's Crossing,CALEB'S CROSSING
290,Michael Crichton,5194,3.41,11660590,27113,Micro,MICRO
291,Helen Ellis,183538,3.40,25472765,10380,American Housewife,AMERICAN HOUSEWIFE
292,Clive Cussler,18411,3.82,6262396,10855,"Spartan Gold (Fargo Adventure, #1)",SPARTAN GOLD
293,William R. Forstchen,8589,3.92,23848051,10313,"One Year After (After, #2)",ONE YEAR AFTER
294,Stephen King,3389,4.20,11588,942944,"The Shining (The Shining, #1)",THE KING
295,Kristin Hannah,54493,4.33,34912895,171479,The Great Alone,THE GREAT ALONE
296,Anton DiSclafani,5760651,3.34,16158508,19357,The Yonahlossee Riding Camp for Girls,THE YONAHLOSSEE RIDING CAMP FOR GIRLS
297,W. Bruce Cameron,327737,4.35,7723542,96305,"A Dog's Purpose (A Dog's Purpose, #1)",A DOG'S PURPOSE
298,Katherine Center,409113,4.09,36249638,19296,How to Walk Away,HOW TO WALK AWAY
299,Bernard Cornwell,12542,4.30,6489529,23021,"The Burning Land (The Saxon Stories, #5)",THE BURNING LAND
300,Anya Allyn,5786232,3.63,16036519,3413,Dollhouse (Dark Carousel #1),DARK CAROUSEL
301,Paige Weaver,7034900,4.08,17733971,9973,"Promise Me Darkness (Promise Me, #1)",PROMISE ME
302,Billy Collins,438,4.02,28503713,1374,The Rain in Portugal: New Poems,THE RAIN IN PORTUGAL
303,Debbie Macomber,11349,3.56,20519023,6159,"Mr. Miracle (Angelic Intervention, #10)",MR. MIRACLE
304,S.J. Watson,4470653,3.89,9736930,247590,Before I Go to Sleep,BEFORE I GO TO SLEEP
305,Reif Larsen,2685732,3.87,6065179,7595,The Selected Works of T.S. Spivet,THE SELECTED WORKS OF TS SPIVET
306,John Grisham,721,3.72,25387351,57595,"Rogue Lawyer (Rogue Lawyer, #1)",ROGUE LAWYER
307,Christine Feehan,6268,4.35,35620156,2873,Covert Game (GhostWalkers #14),COVERT GAME
308,Joanne Fluke,18819,3.55,22544406,6080,"Double Fudge Brownie Murder (Hannah Swensen, #18)",DOUBLE FUDGE BROWNIE MURDER
309,Wally Lamb,3505,3.22,30363103,6954,I'll Take You There,I'LL TAKE YOU THERE
310,Stephenie Meyer,941441,4.03,4502877,141092,"Midnight Sun (Twilight, #1.5)",MIDNIGHT SUN
311,J.R. Ward,20248,4.35,10993282,68707,"Lover Reborn (Black Dagger Brotherhood, #10)",LOVER REBORN
312,Maria Semple,1588088,3.19,28449270,49107,Today Will Be Different,TODAY WILL BE DIFFERENT
313,Stephanie  Clifford,11724346,2.94,23605009,5515,Everybody Rise,EVERYBODY RISE
314,Geraldine Brooks,211268,3.57,24611425,13399,The Secret Chord,THE SECRET CHORD
315,Lindsey Lee Johnson,5770928,3.42,32737635,6375,The Most Dangerous Place on Earth,A DANGEROUS PLACE
316,Debbie Macomber,11349,3.85,22694049,18526,Last One Home (New Beginnings #1),LAST ONE HOME
317,Tom Perrotta,15907,3.39,10762469,40181,The Leftovers,THE LEFTOVERS
318,Stieg Larsson,706255,4.23,5060378,733012,"The Girl Who Played with Fire (Millennium, #2)",THE GIRL WHO PLAYED WITH FIRE
319,Kimberla Lawson Roby,84220,4.29,12937106,1649,"The Reverend's Wife (Reverend Curtis Black, #9)",THE REVEREND'S WIFE
320,Jamie McGuire,4464118,4.08,23714532,25494,"Beautiful Sacrifice (The Maddox Brothers, #3)",BEAUTIFUL SACRIFICE
321,Chuck Palahniuk,2546,3.93,36236123,95136,Survivor,SURVIVORS
322,Sandra Brown,6218,3.93,6054518,10369,"Smash Cut (Mitchell &amp; Associates, #1)",SMASH CUT
323,Delia Ephron,83180,3.42,27246115,9529,Siracusa,SIRACUSA
324,Robert Crais,8944,4.19,1689469,14390,"Chasing Darkness (Elvis Cole, #12)",CHASING DARKNESS
325,Jude Deveraux,28574,3.92,7266940,5391,"Scarlet Nights (Edilean, #3)",SCARLET NIGHTS
326,H.M. Ward,4330590,3.93,17231976,30205,"Damaged (Damaged, #1)",DAMAGE
327,Julian Barnes,1462,3.73,25912206,16043,The Noise of Time,THE NOISE OF TIME
328,Laurell K. Hamilton,9550,3.85,2149535,36046,"Blood Noir (Anita Blake, Vampire Hunter #16)",BLOOD NOIR
329,Chris Pavone,437652,3.43,12617758,26763,The Expats,THE EXPATS
330,Susan Mallery,8716,3.78,31875693,4855,Secrets of the Tulip Sisters,SECRETS OF THE TULIP SISTERS
331,Mark Haddon,1050,3.87,1618,1034091,The Curious Incident of the Dog in the Night-Time,DOG ON IT
332,MaryJanice Davidson,1429808,3.62,6884614,8145,"Undead and Unfinished (Undead, #9)",UNDEAD AND UNFINISHED
333,Robert Galbraith,383606,4.04,18214414,181049,"The Silkworm (Cormoran Strike, #2)",THE SILKWORM
334,J.A. Redmerski,5437976,4.25,16081272,136021,"The Edge of Never (The Edge of Never, #1)",EDGE
335,Henning Mankell,22339,3.98,8755555,13107,"The Troubled Man (Kurt Wallander, #10)",THE TROUBLED MAN
336,Mary Kay Andrews,21387,3.79,9751378,25657,Summer Rental,SUMMER RENTAL
337,Harlan Coben,24689,3.96,3675828,24202,"Long Lost  (Myron Bolitar, #9)",LONG LOST
338,Christina Lauren,6556689,4.05,17831617,26355,"Beautiful Bombshell (Beautiful Bastard, #2.5)",BOMBSHELL
339,Liane Moriarty,322069,3.56,26247008,185967,Truly Madly Guilty,THE GUILTY
340,Catherine Coulter,1239,4.14,13126128,8306,"Backfire (FBI Thriller, #16)",BACKFIRE
341,Caleb Carr,27779,3.18,28952751,3298,"Surrender, New York","SURRENDER, NEW YORK"
342,Vanessa Diffenbaugh,4537214,4.08,10032672,177897,The Language of Flowers,THE LANGUAGE OF FLOWERS
343,Anne Hillerman,612732,3.84,22934457,6177,"Rock with Wings (Leaphorn  &amp; Chee, #20)",ROCK WITH WINGS
344,Clive Cussler,18411,3.93,7830113,7082,"Lost Empire (Fargo Adventure, #2)",LOST EMPIRE
345,Alex Berenson,195905,4.05,15815367,4523,"The Night Ranger (John Wells, #7)",THE NIGHT RANGER
346,John Hart,47072,4.12,5556466,30562,"The Last Child (Johnny Merrimon, #1)",THE LAST CHILD
347,David Weber,10517,4.10,6048478,5956,"By Heresies Distressed (Safehold, #3)",BY HERESIES DISTRESSED
348,John Sandford,4610,4.23,18667817,18716,"Field of Prey (Lucas Davenport, #24)",FIELD OF PREY
349,David Weber,10517,4.14,23847910,2962,"Hell's Foundations Quiver (Safehold, #8)",HELL'S FOUNDATIONS QUIVER
350,Jeff Lindsay,10482,3.57,17262204,7274,"Dexter's Final Cut (Dexter, #7)",THE FINAL CUT
351,Linda Howard,16961,3.77,7046510,8760,Veil of Night,VEIL OF NIGHT
352,Francine Rivers,6492,4.29,6926176,21776,"Her Mother's Hope (Marta's Legacy, #1)",HER MOTHER'S HOPE
353,Ruth Reichl,5662,3.76,18167006,24228,Delicious!,DELICIOUS!
354,Deborah Harkness,3849415,4.18,16054217,97854,"The Book of Life (All Souls Trilogy, #3)",THE BOOK OF LIFE
355,Emma Straub,1983563,3.15,18641982,56420,The Vacationers,THE VACATIONERS
356,S.M. Stirling,14002,3.91,2922849,4522,"The Scourge of God (Emberverse, #5)",THE SCOURGE OF GOD
357,E. Lynn Harris,81011,3.93,3697549,1820,Basketball Jones,BASKETBALL JONES
358,Cynthia D'Aprix Sweeney,393731,3.42,25781157,132483,The Nest,THE NEST
359,Karen Kingsbury,3159984,4.22,29430860,3150,A Baxter Family Christmas,A BAXTER FAMILY CHRISTMAS
360,Ian McEwan,2408,3.41,13562049,43190,Sweet Tooth,SWEET TOOTH
361,Michael Connelly,12470,4.11,2761626,49440,"The Brass Verdict (Mickey Haller, #2; Harry Bosch Universe, #18)",THE BRASS VERDICT
362,Mohsin Hamid,16902,3.81,30688435,76925,Exit West,EXIT WEST
363,Dorothea Benton Frank,36935,3.53,18635039,15079,The Hurricane Sisters,THE HURRICANE SISTERS
364,Stieg Larsson,706255,4.13,2429135,2237309,"The Girl with the Dragon Tattoo (Millennium, #1)",THE GIRL WITH THE DRAGON TATTOO
365,Maggie Stiefvater,1330292,3.77,6068551,397914,"Shiver (The Wolves of Mercy Falls, #1)",NO MERCY
366,David Baldacci,9291,4.22,26245853,51257,"The Last Mile (Amos Decker, #2)",THE LAST MILE
367,Stuart Woods,3936,3.70,18667899,3912,"Carnal Curiosity (Stone Barrington, #29)",CARNAL CURIOSITY
368,John Fowles,10039,3.99,243705,44517,The Collector,THE COLLECTOR
369,Orson Scott Card,589,4.30,375802,987527,"Ender's Game (Ender's Saga, #1)",END GAME
370,Isabel Allende,2238,3.68,34686052,16740,In the Midst of Winter,IN THE MIDST OF WINTER
371,Joe Hill,88506,4.07,15729539,74680,NOS4A2,NOS4A2
372,John le Carré,1411964,3.90,34496624,13218,A Legacy of Spies,A LEGACY OF SPIES
373,Madeline Miller,176372,4.33,35959740,84026,Circe,CIRCE
374,Marc Cameron (author),18443878,3.81,41941428,16,Tom Clancy Power and Empire,TOM CLANCY POWER AND EMPIRE
375,John Irving,3075,3.23,25111109,9866,Avenue of Mysteries,AVENUE OF MYSTERIES
376,Kels Barnholdt,5346112,3.65,17241496,917,"Against All Odds (Against All Odds, #1)",AGAINST ALL ODDS
377,David  Wong,225033,4.26,12924261,21725,"This Book Is Full of Spiders (John Dies at the End, #2)",THIS BOOK IS FULL OF SPIDERS
378,Tricia Levenseller,14358948,3.99,33643994,21762,"Daughter of the Pirate King (Daughter of the Pirate King, #1)",PIRATE KING
379,Jess Walter,12667,3.68,11447921,142933,Beautiful Ruins,BEAUTIFUL RUINS
380,James Patterson,3780,4.01,3188186,24617,"Run for Your Life (Michael Bennett, #2)",RUN FOR YOUR LIFE
381,David Baldacci,9291,4.00,11007587,56371,"Zero Day (John Puller, #1)",ZERO DAY
382,Maeve Binchy,3532,3.67,25810097,3357,A Few of the Girls: Stories,A FEW OF THE GIRLS
383,Charlaine Harris,17061,3.69,18107951,26598,"Midnight Crossroad (Midnight, Texas, #1)",MIDNIGHT CROSSROAD
384,Don DeLillo,233,3.20,26154389,8063,Zero K,ZERO K
385,Alexander McCall Smith,4738,4.15,34371605,6259,The House of Unexpected Sisters (No. 1 Ladies' Detective Agency #18),THE HOUSE OF UNEXPECTED SISTERS
386,Jamie Ford,1421619,3.65,17232261,17383,Songs of Willow Frost,SONGS OF WILLOW FROST
387,Anthony Marra,5989255,4.28,23995336,11616,The Tsar of Love and Techno,TSAR
388,Richard Castle,1953433,3.55,6566722,57359,"Heat Wave (Nikki Heat, #1)",HEAT WAVE
389,Maria Semple,1588088,3.91,13526165,328751,"Where'd You Go, Bernadette","WHERE'D YOU GO, BERNADETTE"
390,Karen Marie Moning,48206,4.41,7304203,90861,"Shadowfever (Fever, #5)",SHADOWFEVER
391,Nora Roberts,625,4.10,31415529,23592,Come Sundown,COME SUNDOWN
392,James Patterson,3780,4.01,9682816,19892,Kill Me If You Can,KILL ME IF YOU CAN
393,Ridley Pearson,6244,3.74,2027685,1590,"Killer View (Walt Fleming, #2)",KILLER VIEW
394,Anthony Horowitz,32590,3.74,23347686,4301,Trigger Mortis,TRIGGER MORTIS
395,James Luceno,9346,4.08,11099729,14816,Darth Plagueis,DARTH PLAGUEIS
396,Kimberly Derting,2755160,4.04,10468701,6844,"Dead Silence (The Body Finder, #4)",DEAD SILENCE
397,Edgar Allan Poe,4624490,4.07,391724,22567,The Black Cat,THE BLACK CAT
398,Louise Penny,194243,4.23,6449551,35081,"The Brutal Telling (Chief Inspector Armand Gamache, #5)",THE BRUTAL TELLING
399,James Patterson,3780,4.05,13521299,22302,"Alex Cross, Run (Alex Cross, #20)","ALEX CROSS, RUN"
400,David Baldacci,9291,4.12,8045080,27187,"Hell's Corner (Camel Club, #5)",HELL'S CORNER
401,Guillermo del Toro,167605,3.68,6945530,25236,"The Night Eternal (The Strain Trilogy, #3)",THE NIGHT ETERNAL
402,Nancy Thayer,37183,3.64,26895163,6526,The Island House,THE ISLAND HOUSE
403,Fannie Flagg,6125,3.99,40611032,39603,The All-Girl Filling Station's Last Reunion,THE ALL-GIRL FILLING STATION'S LAST REUNION
404,John Sandford,4610,4.29,26025992,17204,"Extreme Prey (Lucas Davenport, #26)",EXTREME PREY
405,Stuart Woods,3936,3.85,6327816,4731,"Hothouse Orchid (Holly Barker, #6)",HOTHOUSE ORCHID
406,Karen Armstrong,2637,4.15,27310,5107,Muhammad: A Biography of the Prophet,MUHAMMAD
407,Kathryn Stockett,1943477,4.46,4667024,1839583,The Help,THE HELP
408,Miranda Beverly-Whittemore,174088,3.44,18339743,15290,Bittersweet,BITTERSWEET
409,David Baldacci,9291,4.06,23153154,79778,"Memory Man (Amos Decker, #1)",MEMORY MAN
410,Danielle Steel,14255,3.93,33877273,5017,Fairytale,FAIRYTALE
411,Tricia Levenseller,14358948,3.99,33643994,21762,"Daughter of the Pirate King (Daughter of the Pirate King, #1)",THE PIRATE KING
412,Margaret Atwood,3472,4.06,6080337,90067,"The Year of the Flood  (MaddAddam, #2)",THE YEAR OF THE FLOOD
413,Lauren Oliver,2936493,3.91,6482837,267950,Before I Fall,THE FALL
414,Nora Roberts,625,4.10,9410421,31437,Chasing Fire,CHASING FIRE
415,Lincoln Child,11091,3.79,3986318,13330,"Terminal Freeze (Jeremy Logan, #2)",TERMINAL FREEZE
416,Peter Heller,134408,3.91,13330761,45583,The Dog Stars,THE DOG STARS
417,Iris Johansen,32498,4.09,17286783,5360,"Silencing Eve (Eve Duncan, #18)",SILENCING EVE
418,W.E.B. Griffin,1415338,3.93,5500385,1557,"The Traffickers (Badge of Honor, #9)",THE TRAFFICKERS
419,William Gibson,9226,3.94,7745031,12762,"Zero History (Blue Ant, #3)",ZERO HISTORY
420,J.A. Jance,3453636,3.67,24809272,3386,"Dance of the Bones (J.P. Beaumont, #22; Walker Family, #5)",DANCE OF THE BONES
421,Clive Cussler,18411,4.27,34329091,3557,"Typhoon Fury (The Oregon Files, #12)",TYPHOON FURY
422,Abraham   Verghese,93353,4.28,3591262,313746,Cutting for Stone,CUTTING FOR STONE
423,Brad Thor,5088,4.13,16130723,12700,Hidden Order (Scot Harvath #13),HIDDEN ORDER
424,Richard Flanagan,8864,4.01,17905709,41691,The Narrow Road to the Deep North,THE NARROW ROAD TO THE DEEP NORTH
425,Spencer Quinn,1932450,4.07,13259975,4111,A Fistful of Collars (A Chet and Bernie Mystery #5),A FISTFUL OF COLLARS
426,Lara Adrian,375626,4.37,12042279,17699,"Darker After Midnight (Midnight Breed, #10)",DARKER AFTER MIDNIGHT
427,Jesmyn Ward,1676417,4.04,32920226,68701,"Sing, Unburied, Sing","SING, UNBURIED, SING"
428,Tess Gerritsen,18149,4.11,13272498,23265,"Last to Die (Rizzoli &amp; Isles, #10)",LAST TO DIE
429,Samantha Shannon,5830526,3.76,17199504,48200,"The Bone Season (The Bone Season, #1)",THE BONE SEASON
430,Dave Eggers,3371,3.44,18302455,161835,The Circle,THE CIRCLE
431,William Kent Krueger,71170,4.17,15803059,59054,Ordinary Grace,ORDINARY GRACE
432,Aimee Molloy,365937,3.55,35887193,30339,The Perfect Mother,THE PERFECT MOTHER
433,Ian Rankin,33031,4.19,25179757,9042,"Even Dogs in the Wild (Inspector Rebus, #20)",EVEN DOGS IN THE WILD
434,Glenn Beck,188932,3.99,12307716,3502,The Snow Angel,THE SNOW ANGEL
435,Carol Higgins Clark,12454,3.51,12958284,2130,"Gypped (Regan Reilly Mystery, #15)",GYPPED
436,Shobha Rao,7085305,3.80,34275212,8977,Girls Burn Brighter,BURN BRIGHT
437,Donna Leon,16290,3.88,12862985,4526,"Beastly Things (Commissario Brunetti, #21)",BEASTLY THINGS
438,Jorge Luis Borges,500,4.38,5787,26335,The Aleph and Other Stories,ALEPH
439,Brad Thor,5088,4.24,7313444,16906,"Foreign Influence (Scot Harvath, #9)",FOREIGN INFLUENCE
440,Elizabeth Berg,3529,3.32,7012055,8136,The Last Time I Saw You,THE LAST TIME I SAW YOU
441,Robert Dugoni,63650,4.20,109958,2780,Damage Control,DAMAGE CONTROL
442,Anne Lamott,7113,3.28,6709616,6238,Imperfect Birds,IMPERFECT BIRDS
443,Joseph Roth,30681,3.87,57787,1620,The Emperor's Tomb,THE EMPEROR'S TOMB
444,James Patterson,3780,3.91,16131072,16730,"Second Honeymoon (Honeymoon, #2)",SECOND HONEYMOON
445,Jay Amberg,270854,3.44,25140977,801,Bone Box,BONE BOX
446,Mercedes Lackey,8685,3.94,13515085,5391,"Redoubt (Valdemar: Collegium Chronicles, #4)",REDOUBT
447,Debbie Macomber,11349,4.05,3337374,7220,"A Cedar Cove Christmas (Cedar Cove, #8.5)",A CEDAR COVE CHRISTMAS
448,Ian McEwan,2408,3.24,7140754,21968,Solar,SOLAR
449,Iris Johansen,32498,4.08,16045080,5450,"Hunting Eve (Eve Duncan, #17)",HUNTING EVE
450,Dean Koontz,9355,4.08,36597362,5713,"The Crooked Staircase (Jane Hawk, #3)",THE CROOKED STAIRCASE
451,Ayana Mathis,5204412,3.48,13320466,33730,The Twelve Tribes of Hattie,THE TWELVE TRIBES OF HATTIE
452,William Least Heat-Moon,1254084,4.00,63832,19225,Blue Highways,THE HIGHWAY
453,Tess Gerritsen,18149,4.16,7202831,33910,"Ice Cold (Rizzoli &amp; Isles, #8)",ICE COLD
454,Janet Evanovich,2384,3.75,32942027,29044,"Hardcore Twenty-Four (Stephanie Plum, #24)",HARDCORE TWENTY-FOUR
455,Robin Hobb,25307,4.64,30688013,20250,"Assassin's Fate (The Fitz and the Fool, #3)",ASSASSIN'S FATE
456,John Sandford,4610,4.19,23281640,18573,"Gathering Prey (Lucas Davenport, #25)",GATHERING PREY
457,Thomas Pynchon,235,3.57,17208457,9588,Bleeding Edge,BLEEDING EDGE
458,Adriana Trigiani,9219,3.90,6673171,12308,"Brava, Valentine","BRAVA, VALENTINE"
459,Joanne Fluke,18819,3.56,25621455,5750,"Wedding Cake Murder (Hannah Swensen, #19)",WEDDING CAKE MURDER
460,J.D. Robb,17065,4.25,15806231,18800,"Calculated in Death (In Death, #36)",CALCULATED IN DEATH
461,Jacqueline Winspear,5023,4.21,6553733,18306,"The Mapping of Love and Death (Maisie Dobbs, #7)",THE MAPPING OF LOVE AND DEATH
462,Ivan Doig,70540,4.04,24611732,8681,Last Bus to Wisdom,LAST BUS TO WISDOM
463,Christa Desir,5350543,3.52,13482832,1917,Fault Line,FAULT LINE
464,Chris Cleave,374590,3.78,25814512,30397,Everyone Brave is Forgiven,EVERYONE BRAVE IS FORGIVEN
465,Nevada Barr,43613,3.86,12127718,6851,"The Rope (Anna Pigeon, #17)",THE ROPE
466,Jennifer Weiner,9212,3.68,7227174,42112,Fly Away Home,FLY AWAY HOME
467,R.A. Salvatore,1023510,4.20,13227445,5892,"Charon's Claw (Forgotten Realms: Neverwinter, #3; Legend of Drizzt, #22)",CHARON'S CLAW
468,Barbara Taylor Bradford,5353,3.47,17934469,4513,"Cavendon Hall (Cavendon Hall, #1)",CAVENDON HALL
469,Brent Weeks,1370283,4.47,12652457,38696,"The Broken Eye (Lightbringer, #3)",THE BROKEN EYE
470,Jonathan Kellerman,43626,3.80,18297295,9527,"Motive (Alex Delaware, #30)",MOTIVE
471,Ian Caldwell,11111,3.71,22609406,8808,The Fifth Gospel,THE FIFTH GOSPEL
472,Albert Brooks,4503149,3.47,9875493,5155,2030: The Real Story of What Happens to America,2030
473,Logan Keys,7133401,4.19,38089968,406,The Long Fall (The Long Fall #1),THE LONG FALL
474,Barry Lyga,150484,4.02,7766027,30200,"I Hunt Killers (I Hunt Killers, #1)",KILLER
475,Maeve Binchy,3532,3.79,3393648,13963,Heart and Soul,HEART AND SOUL
476,Jeffery Deaver,1612,3.87,23197534,6126,"Solitude Creek (Kathryn Dance, #4)",SOLITUDE CREEK
477,Frederick Forsyth,36714,3.76,17707488,7143,The Kill List,THE KILL LIST
478,Clive Cussler,18411,3.96,15712052,7124,"Poseidon's Arrow (Dirk Pitt, #22)",POSEIDON'S ARROW
479,Terry Goodkind,3441,4.14,43889,208732,"Wizard's First Rule (Sword of Truth, #1)",THE FIRST RULE
480,V.E. Schwab,7168230,4.39,29939230,51565,"A Conjuring of Light (Shades of Magic, #3)",A CONJURING OF LIGHT
481,Ace Atkins,140695,3.86,26067907,3257,"Robert B. Parker's Slow Burn (Spenser, #44)",ROBERT B PARKER'S SLOW BURN
482,Brandon Sanderson,38550,4.31,16065004,58370,"Shadows of Self (Mistborn, #5)",SHADOWS OF SELF
483,Debbie Macomber,11349,3.91,28502761,8132,Twelve Days of Christmas,TWELVE DAYS OF CHRISTMAS
484,Stephen King,3389,4.10,16130549,138147,"Doctor Sleep (The Shining, #2)",DOCTOR SLEEP
485,Richard Powers,11783,4.23,35187203,8409,The Overstory,THE OVERSTORY
486,Lee Child,5091,4.02,13359067,52502,"A Wanted Man (Jack Reacher, #17)",A WANTED MAN
487,Colson Whitehead,10029,4.03,30555488,183011,The Underground Railroad,THE UNDERGROUND RAILROAD
488,Pearl S. Buck,704,3.98,1078,207415,"The Good Earth (House of Earth, #1)",HOUSE OF EARTH
489,Deborah Harkness,3849415,3.99,8667848,293691,"A Discovery of Witches (All Souls Trilogy, #1)",A DISCOVERY OF WITCHES
490,Brandon Sanderson,38550,4.77,17332218,150872,"Words of Radiance (The Stormlight Archive, #2)",WORDS OF RADIANCE
491,Andrew Gross,8214,3.82,16137521,2671,No Way Back,NO WAY BACK
492,Emily St. John Mandel,2786093,4.03,20170404,242841,Station Eleven,STATION ELEVEN
493,Tayari Jones,292970,4.00,33590210,107318,An American Marriage,AN AMERICAN MARRIAGE
494,James Patterson,3780,4.10,30363792,7746,"Red Alert (NYPD Red, #5)",RED ALERT
495,Robin McKinley,5339,3.60,7507951,8249,"Pegasus (Pegasus, #1)",PEGASUS
496,Iris Johansen,32498,4.14,6348046,9665,"Blood Game (Eve Duncan, #9)",BLOOD GAME
497,S.E. Hinton,762707,4.08,231804,787721,The Outsiders,THE OUTSIDER
498,Philip Kerr,53936,4.04,23281730,3307,"The Lady from Zagreb (Bernard Gunther, #10)",THE LADY FROM ZAGREB
499,Lee Child,5091,4.18,4494917,76325,"Gone Tomorrow (Jack Reacher, #13)",GONE TOMORROW
500,Chris Bohjalian,3509,3.66,30211957,14881,The Sleepwalker,THE SLEEPWALKER
501,John Grisham,721,3.65,3613997,55465,The Associate,THE ASSOCIATE
502,John Sandford,4610,4.19,13593555,16475,"Mad River (Virgil Flowers, #6)",MAD RIVER
503,Chuck Palahniuk,2546,3.19,1840511,50665,Snuff,SNUFF
504,Helen Simonson,2995577,3.88,6643090,120443,Major Pettigrew's Last Stand,MAJOR PETTIGREW'S LAST STAND
505,Bret Easton Ellis,2751,3.15,7519866,14063,Imperial Bedrooms,IMPERIAL BEDROOMS
506,J.D. Robb,17065,4.33,13252406,19464,"Delusion in Death (In Death, #35)",DELUSION IN DEATH
507,Louise Penny,194243,4.22,24586590,26948,The Nature of the Beast (Chief Inspector Armand Gamache #11),THE NATURE OF THE BEAST
508,Greg McKeown,4040962,4.03,18077875,31166,Essentialism: The Disciplined Pursuit of Less,THE PURSUIT
509,Elizabeth Berg,3529,3.26,22716467,5537,The Dream Lover: A Novel of George Sand,THE DREAM LOVER
510,Brent Weeks,1370283,4.33,29467232,22958,"The Blood Mirror (Lightbringer, #4)",THE BLOOD MIRROR
511,Stephen King,3389,4.15,12341557,56763,"The Wind Through the Keyhole (The Dark Tower, #4.5)",THE WIND THROUGH THE KEYHOLE
512,Jane Green,12915,3.60,17934385,13814,Tempting Fate,TEMPTING FATE
513,Will Allison,480048,3.19,9729040,2179,Long Drive Home,LONG DRIVE HOME
514,David Weber,10517,4.12,6940561,5541,"A Mighty Fortress (Safehold, #4)",A MIGHTY FORTRESS
515,David Seltzer,132378,4.00,226162,55220,The Omen,OMEN
516,Drew Karpyshyn,20030,3.93,10687840,11371,"Revan (Star Wars: The Old Republic, #1)",THE OLD REPUBLIC: REVAN
517,Roger Hobbs,5832988,3.76,18189462,6714,Ghostman (Jack White #1),GHOSTMAN
518,Danielle Steel,14255,3.86,30689332,4875,Dangerous Games,DANGEROUS GAMES
519,Jennifer Chiaverini,11630,3.49,2881228,2481,"The Quilter's Kitchen (Elm Creek Quilts, #13)",THE QUILTER'S KITCHEN
520,David Baldacci,9291,4.07,18353714,35433,"The Target (Will Robie, #3)",THE TARGET
521,David Mitchell,6538289,3.81,40611069,42926,Slade House,SLADE HOUSE
522,Terry Brooks,9629,4.04,15743711,4654,"Witch Wraith (The Dark Legacy of Shannara, #3)",WITCH WRAITH
523,Anne Rice,7577,3.79,21412673,18448,"Prince Lestat (The Vampire Chronicles, #11)",PRINCE LESTAT
524,Karen Hesse,4057,3.74,25346,62878,Out of the Dust,DUST
525,Deborah Crombie,43691,4.09,15717347,6248,"The Sound of Broken Glass (Duncan Kincaid &amp; Gemma James, #15)",THE SOUND OF BROKEN GLASS
526,Margaret Weis,869,4.20,2029736,3517,"Dragons of the Hourglass Mage (Dragonlance: The Lost Chronicles, #3)",DRAGONS OF THE HOURGLASS MAGE
527,James Patterson,3780,4.23,25066591,20315,"Cross Justice (Alex Cross, #23)",CROSS JUSTICE
528,William Kent Krueger,71170,4.12,16130141,4310,"Tamarack County (Cork O'Connor, #13)",TAMARACK COUNTY
529,Mary Oliver,23988,4.26,20821239,2815,Blue Horses,BLUE HORSES
530,Philippa Gregory,9987,3.98,9542439,51906,"The Lady of the Rivers (The Plantagenet and Tudor Novels, #1)",THE LADY OF THE RIVERS
531,Tahereh Mafi,4637539,3.99,10429045,236733,"Shatter Me (Shatter Me, #1)",SHATTERED
532,Karen Thompson Walker,5142414,3.64,12401556,76383,The Age of Miracles,THE AGE OF MIRACLES
533,Mary Higgins Clark,99044,3.75,35297310,9109,I've Got My Eyes on You,I'VE GOT MY EYES ON YOU
534,A.J. Finn,7992137,3.96,40389527,202133,The Woman in the Window,THE WOMAN IN THE WINDOW
535,Greg Iles,19696,4.14,18505832,28893,"Natchez Burning (Penn Cage, #4)",NATCHEZ BURNING
536,Iris Johansen,32498,3.85,6162662,3373,Storm Cycle,STORM CYCLE
537,Nicholas Sparks,2345,3.92,10766509,130832,The Best of Me,THE BEST OF ME
538,Dennis Lehane,10289,3.61,31751571,23642,Since We Fell,SINCE WE FELL
539,Terry Goodkind,3441,3.60,6311614,11162,The Law of Nines,THE LAW OF NINES
540,Hanya Yanagihara,6571447,4.29,22822858,134744,A Little Life,A LITTLE LIFE
541,Douglas Preston,12577,3.75,36342060,3794,The Pharaoh Key (Gideon Crew #5),THE PHARAOH KEY
542,Michael Ondaatje,4030,3.71,35657511,17811,Warlight,WARLIGHT
543,James Patterson,3780,4.02,15734464,31215,"12th of Never (Women's Murder Club, #12)",12TH OF NEVER
544,Troy Denning,8154,4.03,6100859,4501,"Apocalypse (Star Wars: Fate of the Jedi, #9)",FATE OF THE JEDI: APOCALYPSE
545,Elin Hilderbrand,88301,3.76,24819476,16960,Winter Stroll (Winter #2),WINTER STROLL
546,Danielle Steel,14255,3.72,6004019,5097,Matters of the Heart,MATTERS OF THE HEART
547,Joanne Fluke,18819,3.80,8801482,8183,"Devil's Food Cake Murder (Hannah Swensen, #14)",DEVIL'S FOOD CAKE MURDER
548,Jodi Picoult,7128,3.69,14865,87951,Vanishing Acts,VANISHED
549,Charles Frazier,7130,3.68,40389469,6474,Varina,VARINA
550,Louisa May Alcott,1315,4.05,1934,1458447,Little Women,THE WOMEN
551,Nancy Grace,144344,3.31,5940836,1850,The Eleventh Victim (Hailey Dean #1),THE ELEVENTH VICTIM
552,Clive Cussler,18411,4.24,35493082,3156,"The Rising Sea (NUMA Files, #15)",THE RISING SEA
553,Khaled Hosseini,569,4.36,128029,985428,A Thousand Splendid Suns,A THOUSAND SPLENDID SUNS
554,Danielle Steel,14255,4.21,33613129,5644,The Right Time,THE RIGHT TIME
555,Francine Pascal,2423,2.47,8913852,6818,Sweet Valley Confidential: Ten Years Later,SWEET VALLEY CONFIDENTIAL
556,Joe Hill,88506,3.92,6587879,87987,Horns,HORNS
557,Pierce Brown,6474348,4.27,15839976,181492,"Red Rising (Red Rising, #1)",RED RISING
558,Elin Hilderbrand,88301,3.89,32498122,41589,The Identicals,THE IDENTICALS
559,Edan Lepucki,4395695,3.22,18774020,17629,California,CALIFORNIA
560,Kazuo Ishiguro,4280,3.47,22522805,55482,The Buried Giant,THE BURIED GIANT
561,Richard Ford,7849,3.50,12872236,23161,Canada,CANADA
562,Stuart Woods,3936,3.56,29093245,4060,"Sex, Lies, and Serious Money (Stone Barrington, #39)","SEX, LIES AND SERIOUS MONEY"
563,Samantha Towle,4838933,4.18,15724654,67081,"The Mighty Storm (The Storm, #1)",THE STORM
564,Dick Francis,5561,3.84,1081976,5627,Dead Heat,DEAD HEAT
565,Brian Herbert,56,3.88,26031829,1427,Navigators of Dune (Schools of Dune #3),NAVIGATORS OF DUNE
566,Debbie Macomber,11349,3.93,13414594,18585,"The Inn at Rose Harbor (Rose Harbor, #1)",THE INN AT ROSE HARBOR
567,Chelsea Cain,48557,4.03,6193923,13359,"Evil at Heart (Archie Sheridan &amp; Gretchen Lowell, #3)",EVIL AT HEART
568,Mary Higgins Clark,99044,3.97,25111011,10144,"All Dressed in White (Under Suspicion, #3)",ALL DRESSED IN WHITE
569,Diane Chamberlain,93345,4.04,2589061,11309,"Before the Storm (Before the Storm, #1)",BEFORE THE STORM
570,Vince Flynn,14989,4.32,3313418,43172,"Extreme Measures (Mitch Rapp, #11)",EXTREME MEASURES
571,Jeannette Walls,3275,4.06,6366437,130338,Half Broke Horses,HALF BROKE HORSES
572,Maggie Barbieri,202369,3.68,352913,1681,"Murder 101 (A Murder 101 Mystery, #1)",MURDER 101
573,Jack Mars,14773561,4.29,29090814,2584,"Oath of Office (Luke Stone, #2)",OATH OF OFFICE
574,Anne Hillerman,612732,3.98,30653896,4215,"Song of the Lion (Leaphorn  &amp; Chee, #21)",SONG OF THE LION
575,Paul Cleave,776612,3.60,23492648,4632,Trust No One,TRUST NO ONE
576,Elmore Leonard,12940,3.52,5640796,3583,Road Dogs,ROAD DOGS
577,Clive Cussler,18411,4.20,23281922,5326,"Piranha (The Oregon Files, #10)",PIRANHA
578,Kevin Kwan,634694,3.95,29864343,60052,"Rich People Problems (Crazy Rich Asians, #3)",RICH PEOPLE PROBLEMS
579,Jojo Moyes,281810,4.26,17347634,909551,"Me Before You (Me Before You, #1)",IF NOT FOR YOU
580,Harlan Coben,24689,3.81,15811568,57324,Six Years,SIX YEARS
581,Chris Bohjalian,3509,3.66,16099189,24577,The Light in the Ruins,THE LIGHT IN THE RUINS
582,Curtis Sittenfeld,6429,3.61,25852870,63405,"Eligible (The Austen Project, #4)",ELIGIBLE
583,Liane Moriarty,322069,3.56,26247008,185967,Truly Madly Guilty,TRULY MADLY GUILTY
584,J.R.R. Tolkien,656983,3.98,41015249,4693,Beren and Lúthien,BEREN AND LÚTHIEN
585,Joanne Fluke,18819,3.75,6957009,8381,"Apple Turnover Murder (Hannah Swensen, #13)",APPLE TURNOVER MURDER
586,Rebecca Wells,3489,3.68,5148758,9368,The Crowning Glory of Calla Lily Ponder,THE CROWNING GLORY OF CALLA LILY PONDER
587,Charlotte Rogan,5094344,3.20,12888599,22182,The Lifeboat,THE LIFEBOAT
588,Kim Harrison,17054,4.43,17285883,23875,"The Undead Pool (The Hollows, #12)",THE UNDEAD POOL
589,Terry Goodkind,3441,3.67,8598554,17505,"The Omen Machine (Sword of Truth, #12; Richard and Kahlan, #1)",THE OMEN MACHINE
590,Jennifer Lynn Barnes,164187,4.17,22929578,8303,The Fixer (The Fixer #1),THE FIXER
591,Karen Kingsbury,3159984,4.20,20821619,10637,"Angels Walking (Angels Walking, #1)",ANGELS WALKING
592,Sharon Kay Penman,24655,4.37,2859559,6327,"Devil's Brood  (Henry II &amp; Eleanor of Aquitaine, #3)",DEVIL'S BROOD
593,Cassandra Clare,150038,4.11,256683,1410147,"City of Bones (The Mortal Instruments, #1)",THE CITY
594,Margaret Atwood,3472,4.02,72579,88269,Alias Grace,GRACE
595,Elmore Leonard,12940,3.66,12037108,8444,Raylan,RAYLAN
596,Eric Jerome Dickey,12936,4.38,1686165,2265,Resurrecting Midnight (Gideon Series #4),RESURRECTING MIDNIGHT
597,Jason  Matthews,6903512,4.22,22609257,14087,"Palace of Treason (Red Sparrow Trilogy, #2)",PALACE OF TREASON
598,Mark Frost,34765,3.94,29102955,7547,The Secret History of Twin Peaks,THE SECRET HISTORY OF TWIN PEAKS
599,Jeff Lindsay,10482,3.79,7469133,16505,"Dexter Is Delicious (Dexter, #5)",DEXTER IS DELICIOUS
600,Bill Clinton,5944,3.87,35097255,52697,The President Is Missing,THE PRESIDENT IS MISSING
601,Kate Morton,615274,3.87,6746018,59299,The Distant Hours,THE DISTANT HOURS
602,Stuart Woods,3936,3.66,23398895,3733,"Naked Greed (Stone Barrington, #34)",NAKED GREED
603,Alex Berenson,195905,4.11,11890812,5659,"The Shadow Patrol (John Wells, #6)",THE SHADOW PATROL
604,Patricia Cornwell,1025097,3.74,2833172,26164,"Scarpetta (Kay Scarpetta, #16)",SCARPETTA
605,Lauren Willig,14469,3.77,3701590,6510,"The Temptation of the Night Jasmine (Pink Carnation, #5)",THE TEMPTATION OF THE NIGHT JASMINE
606,James Patterson,3780,3.45,13353667,35490,Zoo (Zoo #1),ZOO
607,A.S. Byatt,1169504,3.88,41219,64901,Possession,POSSESSION
608,Richard Paul Evans,46097,4.30,18144105,7064,"Walking on Water (The Walk, #5)",WALKING ON WATER
609,Gregory Maguire,7025,2.79,24331115,9053,After Alice,AFTER ALICE
610,Geraldine Brooks,211268,3.82,9684523,55437,Caleb's Crossing,THE CROSSING
611,Harlan Coben,24689,3.88,11737271,35733,Stay Close,STAY CLOSE
612,Lorrie Moore,11746,3.57,18050057,7132,Bark,BARK
613,Yann Martel,811,3.38,25489094,13440,The High Mountains of Portugal,THE HIGH MOUNTAINS OF PORTUGAL
614,Richard Castle,1953433,3.76,7776678,20717,"Naked Heat (Nikki Heat, #2)",NAKED HEAT
615,James Patterson,3780,4.00,25787901,12952,"NYPD Red 4 (NYPD Red, #4)",NYPD RED 4
616,Clive Cussler,18411,3.78,361081,17998,"Pacific Vortex! (Dirk Pitt, #1)",VORTEX
617,John Green,1406384,4.24,11870085,2958667,The Fault in Our Stars,GREEN
618,Suzanne Collins,153394,4.29,6148028,2164545,"Catching Fire (The Hunger Games, #2)",INTO THE FIRE
619,Anne Rivers Siddons,6946,2.87,7290812,4683,Burnt Mountain,BURNT MOUNTAIN
620,Colson Whitehead,10029,3.26,10365343,15692,Zone One,ZONE ONE
621,John Hart,47072,4.08,26883206,14466,Redemption Road,REDEMPTION ROAD
622,Julie Buxbaum,843820,4.09,25893582,33172,Tell Me Three Things,TELL ME
623,Mary Higgins Clark,99044,3.92,29984659,7773,"The Sleeping Beauty Killer (Under Suspicion, #4)",THE SLEEPING BEAUTY KILLER
624,J.K. Rowling,1077326,3.29,13497818,278146,The Casual Vacancy,THE CASUAL VACANCY
625,Linda Fairstein,48895,3.84,4597394,3989,"Lethal Legacy (Alexandra Cooper, #11)",LETHAL LEGACY
626,Lara Adrian,375626,4.23,13170607,11184,"Edge of Dawn (Midnight Breed, #11)",EDGE OF DAWN
627,Alex Berenson,195905,4.04,6999817,8318,"The Midnight House (John Wells, #4)",THE MIDNIGHT HOUSE
628,Marie Force,1508588,4.13,8162828,11066,"Fatal Affair (Fatal, #1)",FATAL
629,Riley Sager,15263414,4.09,36626748,24647,The Last Time I Lied,THE LAST TIME I LIED
630,Kate Atkinson,10015,3.75,15790842,177364,"Life After Life (Todd Family, #1)",LIFE AFTER LIFE
631,Kristen Britain,85545,4.17,8396337,9916,"Blackveil (Green Rider, #4)",BLACKVEIL
632,James Patterson,3780,3.84,7134202,42309,"Private (Private, #1)",PRIVATE:
633,Jane Green,12915,3.71,12029468,14965,Another Piece of My Heart,ANOTHER PIECE OF MY HEART
634,Tami Hoag,9890,4.04,10778948,12736,"Down the Darkest Road (Oak Knoll, #3)",DOWN THE DARKEST ROAD
635,Robert Galbraith,383606,3.85,16160797,410388,"The Cuckoo's Calling (Cormoran Strike, #1)",THE CUCKOO'S CALLING
636,James Rollins,38809,4.16,5171894,23773,"The Doomsday Key (Sigma Force, #6)",THE DOOMSDAY KEY
637,Nalini Singh,71688,4.11,12059093,16971,Tangle of Need (Psy-Changeling #11),TANGLE OF NEED
638,Orson Scott Card,589,4.30,375802,987527,"Ender's Game (Ender's Saga, #1)",THE END GAME
639,Stephen King,3389,3.90,34430839,31089,Gwendy's Button Box,GWENDY'S BUTTON BOX
640,Sandra Brown,6218,3.97,7262166,12714,Tough Customer (Mitchell &amp; Associates #2),TOUGH CUSTOMER
641,Elin Hilderbrand,88301,3.84,28962891,15874,"Winter Storms (Winter, #3)",WINTER STORMS
642,Luanne Rice,5076,3.78,3733297,4880,"The Geometry of Sisters (Newport, Rhode Island, #1)",THE GEOMETRY OF SISTERS
643,G. Willow Wilson,815259,3.84,13239822,14328,Alif the Unseen,UNSEEN
644,David Baldacci,9291,4.19,3410425,43810,"Divine Justice (Camel Club, #4)",DIVINE JUSTICE
645,Stuart Woods,3936,3.84,17707617,4588,"Doing Hard Time (Stone Barrington, #27)",DOING HARD TIME
646,Robert Kirkman,12425,3.86,18465522,3550,The Fall of the Governor: Part Two (The Walking Dead #4),"THE FALL OF THE GOVERNOR, PART 2"
647,Celeste Ng,164692,4.13,34273236,304091,Little Fires Everywhere,LITTLE FIRES EVERYWHERE
648,James Patterson,3780,4.07,30079418,23415,"16th Seduction (Women's Murder Club, #16)",16TH SEDUCTION
649,Lisa Scottoline,20258,3.73,21853628,24377,Every Fifteen Minutes,EVERY FIFTEEN MINUTES
650,Bernard Cornwell,12542,4.07,15739863,9683,1356 (Grail Quest #),1356
651,Ethan Canin,50743,3.69,22318513,3782,A Doubter's Almanac,A DOUBTER'S ALMANAC
652,Suzanne Halliday,8047413,4.59,34402774,271,Bishop's Pawn (Bishop’s Pawn #1),THE BISHOP'S PAWN
653,Kathy Reichs,26372,3.87,13030356,16442,"Bones Are Forever (Temperance Brennan, #15)",BONES ARE FOREVER
654,Mary Higgins Clark,99044,3.73,28688182,8548,"As Time Goes By (Alvirah and Willy, #10)",AS TIME GOES BY
655,Fredrik Backman,6485178,4.37,36373463,34612,"Us Against You (Beartown, #2)",US AGAINST YOU
656,Chuck Wendig,17152,3.79,30213123,7138,"Empire's End (Star Wars: Aftermath, #3)",AFTERMATH:: EMPIRE'S END
657,Seth Grahame-Smith,169377,3.70,7108001,123564,"Abraham Lincoln: Vampire Hunter (Abraham Lincoln: Vampire Hunter, #1)",THE HUNTER
658,Paul Jenkins,12803,3.89,1121387,679,The Sentry,THE SENTRY
659,Nelson DeMille,1238,3.74,3216451,15109,The Gate House,THE GATE HOUSE
660,J.A. Jance,3453636,4.17,27776494,4799,"Downfall (Joanna Brady, #17)",DOWNFALL
661,Maeve Binchy,3532,3.80,7979073,20822,Minding Frankie,MINDING FRANKIE
662,Debbie Macomber,11349,3.73,6422470,6881,The Perfect Christmas,THE PERFECT CHRISTMAS
663,Janet Evanovich,2384,3.94,7023554,67972,"Sizzling Sixteen (Stephanie Plum, #16)",SIZZLING SIXTEEN
664,Nicholas Sparks,2345,4.11,3063499,305693,The Lucky One,THE LUCKY ONE
665,Mark Greaney,2961590,4.41,30189669,5324,"Gunmetal Gray (Gray Man, #6)",GUNMETAL GRAY
666,Sara Paretsky,28509,3.89,7907687,5732,"Body Work (V.I. Warshawski, #14)",BODY WORK
667,William Shakespeare,947,3.89,8852,588414,Macbeth,MACBETH
668,Jeffery Deaver,1612,3.61,10483475,8679,Carte Blanche (James Bond),CARTE BLANCHE
669,Neal Stephenson,545,3.87,32075825,17327,The Rise and Fall of D.O.D.O.,THE RISE AND FALL OF DOD O
670,Haruki Murakami,3354,3.91,10357575,165632,1Q84,1Q84
671,Paula Hawkins,1063732,3.90,22557272,1647980,The Girl on the Train,THE GIRL ON THE TRAIN
672,Terry Brooks,9629,4.03,15743703,5158,"Bloodfire Quest (The Dark Legacy of Shannara, #2)",BLOODFIRE QUEST
673,S.M. Stirling,14002,3.95,6301385,4219,"The Sword of the Lady (Emberverse, #6)",THE SWORD OF THE LADY
674,Karen  Lynch,7734428,4.30,20427449,17880,"Relentless (Relentless, #1)",RELENTLESS
675,Mitch Albom,2331,3.85,13624688,89037,The Time Keeper,THE TIME KEEPER
676,Chuck Palahniuk,2546,3.46,22822857,5093,Make Something Up: Stories You Can't Unread,MAKE SOMETHING UP
677,Melanie Benjamin,2958717,3.89,13642950,61081,The Aviator's Wife,THE AVIATOR'S WIFE
678,Karen Marie Moning,48206,4.38,12446825,14703,"Feversong (Fever, #9)",FEVERSONG
679,Mike Maden (author),18178526,3.91,40730651,44,Tom Clancy Point of Contact,TOM CLANCY: POINT OF CONTACT
680,Donna Leon,16290,3.91,35576032,3646,"The Temptation of Forgiveness (Commissario Brunetti, #27)",THE TEMPTATION OF FORGIVENESS
681,Lauren Graham,1906497,3.50,16071745,42499,"Someday, Someday, Maybe","SOMEDAY, SOMEDAY, MAYBE"
682,Nora Roberts,625,4.20,12716613,57158,The Witness,THE WITNESS
683,Iris Johansen,32498,4.02,15766976,7032,"Taking Eve (Eve Duncan, #16)",TAKING EVE
684,André Brink,1409320,3.80,154217,387,The Other Side of Silence,THE OTHER SIDE OF SILENCE
685,Tatiana de Rosnay,305400,3.34,7963208,23247,A Secret Kept,A SECRET KEPT
686,Ariesa Jane Domingo,8297828,4.36,18802914,2483,For Hire: A Damn Good Kisser,KISSER
687,Dave Eggers,3371,3.44,29889972,10087,Heroes of the Frontier,HEROES OF THE FRONTIER
688,Amy Tan,5246,3.62,17383934,36031,The Valley of Amazement,THE VALLEY OF AMAZEMENT
689,Lisa See,713,3.89,5960325,125605,Shanghai Girls (Shanghai Girls #1),SHANGHAI GIRLS
690,Sarah Mayberry,19909,3.69,2724348,536,Below the Belt,BELOW THE BELT
691,Bernard Cornwell,12542,4.43,28949218,10010,"The Flame Bearer (The Saxon Stories, #10)",THE FLAME BEARER
692,Mary Kay Andrews,21387,3.93,13167062,17265,Spring Fever,SPRING FEVER
693,Sophie Kinsella,6160,3.28,21064599,22074,"Shopaholic to the Stars (Shopaholic, #7)",SHOPAHOLIC TO THE STARS
694,Don Winslow,37795,4.11,32075859,12717,The Force,THE FORCE
695,Ruth Ware,9013543,3.68,28187230,242991,The Woman in Cabin 10,THE WOMAN IN CABIN 10
696,James Patterson,3780,3.76,2029177,62137,Sundays at Tiffany's,SUNDAYS AT TIFFANY'S
697,Patrick Ness,370361,3.97,20758104,131045,"The Knife of Never Letting Go (Chaos Walking, #1)",CHAOS
698,Peter Høeg,369288,3.67,429631,2978,Borderliners,BORDERLINE
699,Mark Greaney,2961590,4.13,21863539,6745,"Support and Defend (Jack Ryan Universe, #17)",TOM CLANCY: SUPPORT AND DEFEND
700,James Patterson,3780,3.74,23346506,9366,Truth or Die,TRUTH OR DIE
701,Kresley Cole,4428,4.23,6294553,27197,"Deep Kiss of Winter (Includes: Immortals After Dark, #8; Alien Huntress, #3.5)",DEEP KISS OF WINTER
702,Somaiya Daud,15179415,3.77,32768520,4799,"Mirage (Mirage, #1)",MIRAGE
703,Adriana Trigiani,9219,3.47,17888950,8832,The Supreme Macaroni Company,THE SUPREME MACARONI COMPANY
704,Jake Tapper,233537,3.56,34329347,4524,The Hellfire Club,THE HELLFIRE CLUB
705,Muriel Spark,13093,3.78,58677,2281,Loitering with Intent,LOITERING WITH INTENT
706,Lisa Kleypas,27847,4.20,1756703,30215,"Blue-Eyed Devil (Travises, #2)",BLUE-EYED DEVIL
707,Naomi Novik,8730,3.94,12069434,10296,"Crucible of Gold (Temeraire, #7)",CRUCIBLE OF GOLD
708,Lisa Scottoline,20258,3.86,5355136,38109,Look Again,LOOK AGAIN
709,Jonathan Kellerman,43626,3.86,30211389,10439,"Heartbreak Hotel (Alex Delaware, #32)",HEARTBREAK HOTEL
710,Linda  Robertson,2937372,3.62,6329335,4292,"Vicious Circle (Persephone Alcmedi, #1)",VICIOUS CIRCLE
711,John Sandford,4610,4.41,36140457,13846,"Twisted Prey (Lucas Davenport, #28)",TWISTED PREY
712,George R.R. Martin,346732,4.32,10664113,483817,"A Dance with Dragons (A Song of Ice and Fire, #5)",A DANCE WITH DRAGONS
713,Iris Johansen,32498,4.07,9789572,9077,"Bonnie (Eve Duncan, #14; Eve, Quinn and Bonnie #3)",BONNIE
714,Kyung-Sook Shin,7773619,3.79,8574333,21447,Please Look After Mom,PLEASE LOOK AFTER MOM
715,Ann B. Ross,43948,3.94,15811583,1550,Miss Julia Stirs Up Trouble (Miss Julia #14),MISS JULIA STIRS UP TROUBLE
716,Richard Paul Evans,46097,4.15,11110218,6659,Lost December,LOST DECEMBER
717,Patricia Cornwell,1025097,3.69,6495359,19865,"The Scarpetta Factor (Kay Scarpetta, #17)",THE SCARPETTA FACTOR
718,Eileen Goudge,38423,3.89,762661,2583,"Garden of Lies (Garden of Lies, #1)",GARDEN OF LIES
719,Richard Castle,1953433,3.88,24376905,3427,"Driving Heat (Nikki Heat, #7)",DRIVING HEAT
720,Stephen R. Donaldson,12980,3.89,6237780,3652,"Against All Things Ending (The Last Chronicles of Thomas Covenant, #3)",AGAINST ALL THINGS ENDING
721,Sarah Addison Allen,566874,3.84,8546358,53110,The Peach Keeper,THE PEACH KEEPER
722,Alan Bradley,1074866,4.16,41017660,23716,"The Dead in Their Vaulted Arches (Flavia de Luce, #6)",THE DEAD IN THEIR VAULTED ARCHES
723,Chris Bohjalian,3509,3.60,18666006,15039,"Close Your Eyes, Hold Hands","CLOSE YOUR EYES, HOLD HANDS"
724,Jan Karon,40552,4.18,24875378,8904,"Come Rain or Come Shine (Mitford Years, #13)",COME RAIN OR COME SHINE
725,Laurell K. Hamilton,9550,3.91,5215879,33160,"Skin Trade (Anita Blake, Vampire Hunter #17)",SKIN TRADE
726,Sarah Pinborough,457300,3.75,28965131,53053,Behind Her Eyes,BEHIND HER EYES
727,P.C. Cast,17015,3.93,676924,220392,"Betrayed (House of Night, #2)",BETRAYED
728,James Patterson,3780,3.02,27384094,2805,"Humans, Bow Down","HUMANS, BOW DOWN"
729,James Patterson,3780,4.10,18170134,16894,"NYPD Red 2 (NYPD Red, #2)",NYPD RED 2
730,Stuart Woods,3936,4.02,28815373,3463,"Smooth Operator (Teddy Fay, #1)",SMOOTH OPERATOR
731,Jacqueline Winspear,5023,4.16,30655763,8847,"In This Grave Hour (Maisie Dobbs, #13)",IN THIS GRAVE HOUR
732,Miss Analysis,14019144,3.55,25808860,42,Tom Clancy Under Fire: A Novel By Grant Blackwood,TOM CLANCY UNDER FIRE
733,Lisa Jackson,13757,3.78,12351871,7169,You Don't Want To Know,YOU DON'T WANT TO KNOW
734,Daniel Silva,29085,4.25,9975779,22062,"Portrait of a Spy (Gabriel Allon, #11)",PORTRAIT OF A SPY
735,Julie Garwood,6251,3.94,9647908,14269,"The Ideal Man (Buchanan-Renard, #9)",THE IDEAL MAN
736,China Miéville,33918,3.87,9265453,23673,Embassytown,EMBASSYTOWN
737,Laurell K. Hamilton,9550,3.81,27836564,8233,"Crimson Death (Anita Blake, Vampire Hunter #25)",CRIMSON DEATH
738,Saroo Brierley,7145066,4.12,18111281,42037,A Long Way Home,THE LONG WAY HOME
739,Danielle Steel,14255,3.81,14951193,5035,Until the End of Time,UNTIL THE END OF TIME
740,Jean M. Auel,861,3.29,8318666,25481,"The Land of Painted Caves (Earth's Children, #6)",THE LAND OF PAINTED CAVES
741,John le Carré,1411964,3.49,3281277,9815,A Most Wanted Man,A MOST WANTED MAN
742,Justin Cronin,45315,4.04,6690798,163853,"The Passage (The Passage, #1)",THE PASSAGE
743,David Weber,10517,4.18,10750189,5117,"How Firm a Foundation (Safehold, #5)",HOW FIRM A FOUNDATION
744,Danielle Steel,14255,3.68,11163808,5253,Hotel Vendome,HOTEL VENDOME
745,Elizabeth Alexander,17148,4.04,22875479,6899,The Light of the World,LIGHT OF THE WORLD
746,Raymond E. Feist,8588,3.93,4003436,7569,"Rides a Dread Legion (The Demonwar Saga, #1)",RIDES A DREAD LEGION
747,M.C. Beaton,1657638,3.64,15791120,3578,"Death of Yesterday (Hamish Macbeth, #28)",DEATH OF YESTERDAY
748,Ben H. Winters,735413,3.84,32940838,19341,Underground Airlines,UNDERGROUND AIRLINES
749,Debbie Macomber,11349,3.89,25739091,11667,"A Girl's Guide to Moving On (New Beginnings, #2)",A GIRL'S GUIDE TO MOVING ON
750,Lisa See,713,3.60,18404427,27164,China Dolls,CHINA DOLLS
751,Nora Roberts,625,3.93,2003767,22342,Tribute,TRIBUTE
752,William Shakespeare,947,3.94,1622,400032,A Midsummer Night's Dream,INTO THE DREAMING
753,Patricia Cornwell,1025097,3.76,11057626,21098,"Red Mist (Kay Scarpetta, #19)",RED MIST
754,Anne Tyler,457,3.39,27070127,25252,Vinegar Girl,VINEGAR GIRL
755,Kim Harrison,17054,4.45,13241659,28134,"Ever After (The Hollows, #11)",EVER AFTER
756,Newt Gingrich,5103,4.07,6460435,1456,"To Try Men's Souls (Revolutionary War, #1)",TO TRY MEN'S SOULS
757,Laura Childs,88924,3.77,15808747,2177,"Sweet Tea Revenge (A Tea Shop Mystery, #14)",SWEET TEA REVENGE
758,Fredrik Backman,6485178,4.29,33413128,119744,"Beartown (Beartown, #1)",BEARTOWN
759,Susan Elizabeth Phillips,41313,3.89,3519956,16325,"What I Did for Love (Wynette, Texas, #4)",WHAT I DID FOR LOVE
760,James Lee Burke,7031,4.06,29326413,2928,"The Jealous Kind (Holland Family Saga, #2)",THE JEALOUS KIND
761,Terry McMillan,20704,3.95,17572866,4922,Who Asked You?,WHO ASKED YOU
762,W.E.B. Griffin,1415338,4.14,10838337,1752,"Victory and Honor (Honor Bound, #6)",VICTORY AND HONOR
763,M. Garzon,5010374,4.10,18520635,261,"Blaze of Glory (Blaze of Glory, #1)",A BLAZE OF GLORY
764,Kresley Cole,4428,4.08,6388558,49400,"The Warlord Wants Forever (Immortals After Dark, #1)",WARLORD
765,Lisa Scottoline,20258,3.84,34964864,19873,After Anna,AFTER ANNA
766,Jenny Han,151371,3.85,13406425,23149,"Burn for Burn (Burn for Burn, #1)",BURN
767,Patricia Cornwell,1025097,3.58,7926242,18804,"Port Mortuary (Kay Scarpetta, #18)",PORT MORTUARY
768,J.D. Robb,17065,4.40,31384635,16896,"Echoes in Death (In Death, #44)",ECHOES IN DEATH
769,Dennis Lehane,10289,3.72,7853757,19042,"Moonlight Mile (Kenzie &amp; Gennaro,#6)",MOONLIGHT MILE
770,Miley Cyrus,990148,3.50,6263078,8550,Miles to Go,MILES TO GO
771,C.C. Hunter,4154802,4.13,8705784,75838,"Born at Midnight (Shadow Falls, #1)",BORN OF SHADOWS
772,Lisa Scottoline,20258,3.60,25773504,16945,Most Wanted,MOST WANTED
773,Richard Paul Evans,46097,3.89,29430782,4338,The Mistletoe Secret,THE MISTLETOE SECRET
774,Mark Frost,34765,3.87,34802642,3778,Twin Peaks: The Final Dossier,TWIN PEAKS: THE FINAL DOSSIER
775,Edward Rutherfurd,16204,4.12,8258519,28356,New York,NEW YORK
776,Colleen Hoover,5430144,4.10,24378015,63098,"Never Never (Never Never, #1)",NEVER NEVER
777,Richard Paul Evans,46097,4.01,36373599,2363,"The Forgotten Road (The Broken Road, #2)",THE FORGOTTEN ROAD
778,Clive Cussler,18411,4.01,41704,16858,"Shock Wave (Dirk Pitt, #13)",SHOCK WAVE
779,Stephenie Meyer,941441,3.84,1656001,819307,"The Host (The Host, #1)",THE HOST
780,Mystery,5638945,3.70,25376,2155,The Mystery Method: How to Get Beautiful Women Into Bed,MYSTERY
781,Stephen King,3389,4.30,10644930,356442,11/22/63,11/22/63
782,Charlaine Harris,17061,2.92,17239876,13005,"After Dead: What Came Next in the World of Sookie Stackhouse (Sookie Stackhouse, #13.5)",AFTER DEAD
783,Jennifer Lynn Barnes,164187,4.17,22929578,8303,The Fixer (The Fixer #1),THE FIX
784,Philippa Gregory,9987,3.64,2241558,38555,"The Other Queen (The Plantagenet and Tudor Novels, #15)",THE OTHER QUEEN
785,Richelle Mead,137902,4.21,8709527,156022,"Bloodlines (Bloodlines, #1)",BLOODLINE
786,Alice Hoffman,3502,3.70,8389671,17673,The Red Garden,THE RED GARDEN
787,Christine Warren,41032,3.94,72544,6888,"Wolf at the Door (The Others, #9)",THE WOLF AT THE DOOR
788,Joanne Fluke,18819,3.73,15811630,8041,"Red Velvet Cupcake Murder (Hannah Swensen, #16)",RED VELVET CUPCAKE MURDER
789,Nora Roberts,625,3.99,16158519,31019,Whiskey Beach,WHISKEY BEACH
790,Martha Grimes,14150,3.80,18775347,2904,"Vertigo 42 (Richard Jury, #23)",VERTIGO 42
791,Heather Terrell,222429,3.58,8487365,4473,"Fallen Angel (Fallen Angel, #1)",THE FALLEN ANGEL
792,Ian Rankin,33031,4.09,29549648,8026,"Rather Be the Devil (Inspector Rebus, #21)",RATHER BE THE DEVIL
793,Graeme Simsion,1895943,3.58,23492671,84732,"The Rosie Effect (Don Tillman, #2)",THE ROSIE EFFECT
794,John Edward,72148,3.27,13538881,427,Fallen Masters,FALLEN MASTERS
795,Laura Lippman,60459,3.62,18089975,14361,After I'm Gone,AFTER I'M GONE
796,Lauren Kate,2905297,4.03,12716010,94598,"Rapture (Fallen, #4)",RAPTURE
797,Jennifer Chiaverini,11630,3.71,22571509,2796,Mrs. Grant and Madame Jule,MRS. GRANT AND MADAME JULE
798,E. Lockhart,173491,3.84,16143347,372904,We Were Liars,THE LIAR
799,Arundhati Roy,6134,3.47,32388712,19913,The Ministry of Utmost Happiness,THE MINISTRY OF UTMOST HAPPINESS
800,Greg Iles,19696,4.44,31139037,14840,"Mississippi Blood (Penn Cage, #6)",MISSISSIPPI BLOOD
801,Nora Roberts,625,4.26,36425796,18066,Shelter in Place,SHELTER IN PLACE
802,Matthew Reilly,83714,4.22,144789,14361,"Scarecrow (Shane Schofield, #3)",THE SCARECROW
803,Mary Kay Andrews,21387,3.89,41014681,17868,The Fixer Upper,THE FIXER UPPER
804,James Patterson,3780,3.23,32603500,6571,The Store,THE STORE
805,Clive Cussler,18411,4.03,11280465,5912,"Devil's Gate (NUMA Files, #9)",DEVIL'S GATE
806,Sarah Waters,25334,3.40,20821087,62554,The Paying Guests,THE PAYING GUESTS
807,Terry Brooks,9629,3.86,26891431,2154,The Sorcerer's Daughter (The Defenders of Shannara #3),THE SORCERER'S DAUGHTER
808,Kim Edwards,6876,3.18,9213976,11965,The Lake of Dreams,THE LAKE OF DREAMS
809,Linda Castillo,54958,4.19,26031833,7641,Among the Wicked (Kate Burkholder #8),AMONG THE WICKED
810,Kathy Reichs,26372,3.99,19322169,13616,"Bones Never Lie (Temperance Brennan, #17)",BONES NEVER LIE
811,Daniel Silva,29085,4.11,16248078,24103,"The English Girl (Gabriel Allon, #13)",THE ENGLISH GIRL
812,John Darnielle,1029937,3.24,29939268,10264,Universal Harvester,UNIVERSAL HARVESTER
813,J.P. Delaney,14719991,3.69,28016509,86177,The Girl Before,THE GIRL BEFORE
814,James Patterson,3780,3.32,31934048,3325,Two From the Heart,TWO FROM THE HEART
815,Philip Roth,463,3.71,3015764,12715,Indignation,INDIGNATION
816,Adriana Trigiani,9219,3.49,24723249,9617,All the Stars in the Heavens,ALL THE STARS IN THE HEAVENS
817,Matthew Quick,1251730,4.00,13539044,138466,The Silver Linings Playbook,QUICK
818,Tom Sharpe,33017,4.10,58514,2242,Indecent Exposure,INDECENT EXPOSURE
819,Dorothea Benton Frank,36935,3.68,16248139,15072,The Last Original Wife,THE LAST ORIGINAL WIFE
820,Kathy Reichs,26372,3.91,7189177,19809,"Spider Bones (Temperance Brennan, #13)",SPIDER BONES
821,David Weber,10517,4.11,2381756,6751,"By Schism Rent Asunder (Safehold, #2)",BY SCHISM RENT ASUNDER
822,Nora Roberts,625,3.83,22729746,4676,Night Moves,NIGHT MOVES
823,Glennon Doyle Melton,4175328,4.08,31845516,37567,Love Warrior,WARRIORS
824,Randy Wayne White,27932,3.69,30850853,1493,"Mangrove Lightning (Doc Ford, #24)",MANGROVE LIGHTNING
825,Jeffrey Archer,4820,4.16,25671861,21757,"Cometh the Hour (The Clifton Chronicles, #6)",COMETH THE HOUR
826,Richard Paul Evans,46097,4.23,12275907,9690,"The Road to Grace (The Walk, #3)",THE ROAD TO GRACE
827,David Baldacci,9291,4.18,29467945,30038,"No Man's Land (John Puller, #4)",NO MAN'S LAND
828,Anne Bishop,26897,4.27,21457243,23792,"Vision in Silver (The Others, #3)",VISION IN SILVER
829,John Milton,9876,3.81,15997,115481,Paradise Lost,IN PARADISE
830,James Luceno,9346,3.83,3545495,3966,Millennium Falcon (Star Wars),MILLENNIUM FALCON
831,Jane Austen,1265,3.99,6969,557300,Emma,EMMA
832,Stanisław Lem,10991,4.18,251633,4928,The Invincible,INVINCIBLE
833,Anita Shreve,3530,3.56,3121162,26204,Testimony,TESTIMONY
834,Jim Butcher,10746,4.18,24876258,32219,"The Aeronaut's Windlass (The Cinder Spires, #1)",THE AERONAUT'S WINDLASS
835,Janet Evanovich,2384,3.78,17908462,51009,"Takedown Twenty (Stephanie Plum, #20)",TAKEDOWN TWENTY
836,Haruki Murakami,3354,3.82,9557,89403,Sputnik Sweetheart,SWEETHEART
837,Philippa Gregory,9987,3.97,12326644,33684,"The Kingmaker's Daughter (The Plantagenet and Tudor Novels, #4)",THE KINGMAKER'S DAUGHTER
838,Clive Cussler,18411,4.00,30763910,3427,"The Cutthroat (Isaac Bell, #10)",THE CUTTHROAT
839,Claudia Gray,1192311,4.06,27209239,15373,Bloodline (Star Wars),STAR WARS: BLOODLINE
840,David Baldacci,9291,4.01,7277715,22876,"Deliver Us from Evil (A. Shaw, #2)",DELIVER US FROM EVIL
841,Charles Todd,131,3.82,15776723,3176,"Proof of Guilt (Inspector Ian Rutledge, #15)",PROOF OF GUILT
842,Karin Slaughter,12504,4.14,33230889,69343,The Good Daughter,THE GOOD DAUGHTER
843,Tom Rachman,3066198,3.54,6834410,43974,The Imperfectionists,THE IMPERFECTIONISTS
844,Daniel Silva,29085,4.26,93796,19412,"The Secret Servant (Gabriel Allon, #7)",THE SECRET SERVANT
845,Jon Baird,1530227,3.31,25363511,1088,"A Passage to Shambhala (The Explorers Guild, #1)",THE EXPLORERS GUILD
846,Stephen Hunter,12546,3.85,13547517,3685,"The Third Bullet (Bob Lee Swagger, #8)",THE THIRD BULLET
847,Stuart Woods,3936,3.87,7116365,7527,"Lucid Intervals (Stone Barrington, #18)",LUCID INTERVALS
848,James Rollins,38809,4.02,29100224,8408,"The Seventh Plague (Sigma Force, #12)",THE SEVENTH PLAGUE
849,Nancy Taylor Rosenberg,133686,3.81,1394519,723,Abuse Of Power,ABUSE OF POWER
850,Danielle Steel,14255,3.76,18104697,5954,Power Play,POWER PLAY
851,Brad Thor,5088,4.21,27274418,9822,Foreign Agent (Scot Harvath #16),FOREIGN AGENT
852,Nick Hornby,2929,3.48,6224826,38127,"Juliet, Naked","JULIET, NAKED"
853,Colm Tóibín,1351903,3.65,4954833,80346,Brooklyn,BROOKLYN
854,B.A. Paris,14425604,3.90,31450633,54049,The Breakdown,BREAKDOWN
855,Brian Herbert,56,3.88,17910044,2351,Mentats of Dune (Schools of Dune #2),MENTATS OF DUNE
856,Sandra Brown,6218,4.04,20454672,37287,Mean Streak,MEAN STREAK
857,Bernard Cornwell,12542,4.40,25394440,11359,"Warriors of the Storm (The Saxon Stories, #9)",WARRIORS OF THE STORM
858,Luo Guanzhong,5847865,4.41,158770,3327,Three Kingdoms: Classic Novel in Four Volumes,THE THIRD KINGDOM
859,John Irving,3075,3.75,6323821,22446,Last Night in Twisted River,LAST NIGHT IN TWISTED RIVER
860,James Rollins,38809,4.24,21025373,5006,"Blood Infernal (The Order of the Sanguines, #3)",BLOOD INFERNAL
861,Tabitha Suzuma,599916,4.05,7600924,47992,Forbidden,FORBIDDEN
862,William Kent Krueger,71170,4.16,9998825,4621,"Northwest Angle (Cork O'Connor, #11)",NORTHWEST ANGLE
863,Joel C. Rosenberg,221833,4.22,35605702,3439,The Kremlin Conspiracy,THE KREMLIN CONSPIRACY
864,Lisa Scottoline,20258,3.64,9296438,23890,Save Me,SAVE ME
865,Phil Klay,7114556,3.97,18114068,19985,Redeployment,REDEPLOYMENT
866,Lev Grossman,142270,3.50,6101718,198461,The Magicians (The Magicians #1),THE MAGICIANS
867,Michael Connelly,12470,4.18,9681098,49963,"The Fifth Witness (Mickey Haller, #4; Harry Bosch Universe, #22)",THE FIFTH WITNESS
868,James Patterson,3780,4.02,28936152,14786,"Cross the Line (Alex Cross, #24)",CROSS THE LINE
869,Jackie Collins,49699,4.03,23014646,2694,"The Santangelos (Lucky Santangelo, #10)",THE SANTANGELOS
870,Danielle Steel,14255,4.10,35518466,5436,Accidental Heroes,ACCIDENTAL HEROES
871,Barbara Taylor Bradford,5353,3.46,12799561,1783,Letter from a Stranger,LETTER FROM A STRANGER
872,Jeffrey Archer,4820,4.05,12160906,44551,"The Sins of the Father (The Clifton Chronicles, #2)",THE SINS OF THE FATHER
873,J.A. Jance,3453636,4.11,18730147,5933,"Remains of Innocence (Joanna Brady, #16)",REMAINS OF INNOCENCE
874,Richard A. Clarke,3462959,3.91,88667,4460,Against All Enemies,AGAINST ALL ENEMIES
875,Jason  Matthews,6903512,3.97,15803037,35073,"Red Sparrow (Red Sparrow Trilogy, #1)",RED SPARROW
876,Sherrilyn Kenyon,4430,4.19,21858682,3484,Born of Vengeance (The League: Nemesis Rising #10),BORN OF VENGEANCE
877,Matt Ruff,40577,3.61,71845,8145,Bad Monkeys,BAD MONKEY
878,Philip Kerr,53936,4.12,11448085,4959,"Prague Fatale (Bernard Gunther, #8)",PRAGUE FATALE
879,Jim Butcher,10746,4.36,2903736,52480,"Princeps' Fury (Codex Alera, #5)",PRINCEPS' FURY
880,Stuart Woods,3936,3.88,9585131,7097,"Bel-Air Dead (Stone Barrington, #20)",BEL-AIR DEAD
881,Emma Donoghue,23613,3.15,18295858,20994,Frog Music,FROG MUSIC
882,Debbie Macomber,11349,3.79,17910542,12126,Starry Night,STARRY NIGHT
883,Book*Sense,8136264,4.23,23929232,69,Tom Clancy Full Force and Effect: (A Jack Ryan Novel 10) by Mark Greaney | Summary &amp; Analysis,TOM CLANCY FULL FORCE AND EFFECT
884,Jodi Picoult,7128,4.35,41021501,189024,Small Great Things,SMALL GREAT THINGS
885,Lisa Gardner,18282,4.06,15811495,25703,"Touch &amp; Go (Tessa Leoni, #2)",TOUCH AND GO
886,Jojo Moyes,281810,3.95,23359964,127840,One Plus One,ONE PLUS ONE
887,Yaa Gyasi,14493315,4.42,27071490,107127,Homegoing,HOMEGOING
888,Douglas Preston,12577,4.09,40884817,18847,"Cold Vengeance (Pendergast, #11)",COLD VENGEANCE
889,Orson Scott Card,589,4.31,9532,138329,"Ender's Shadow (The Shadow Series, #1)",THE SHADOWS
890,J. Courtney Sullivan,486136,3.36,9923372,29305,Maine,MAINE
891,Lauren Weisberger,3490,3.74,36373647,25285,"When Life Gives You Lululemons (The Devil Wears Prada, #3)",WHEN LIFE GIVES YOU LULULEMONS
892,Paula McLain,290189,3.84,36529552,13685,Love and Ruin,LOVE AND RUIN
893,Paul Brickhill,62110,4.24,107406,7266,The Great Escape,THE GREAT ESCAPE
894,John Sandford,4610,4.19,13093001,18825,"Stolen Prey (Lucas Davenport, #22)",STOLEN PREY
895,Anita Shreve,3530,3.20,6413388,9785,A Change in Altitude,A CHANGE IN ALTITUDE
896,Neil Gaiman,1221698,3.99,15783514,403518,The Ocean at the End of the Lane,THE OCEAN AT THE END OF THE LANE
897,Sherryl Woods,59446,4.14,11106413,3845,"An O'Brien Family Christmas (Chesapeake Shores, #8)",AN O'BRIEN FAMILY CHRISTMAS
898,Alexander McCall Smith,4738,4.08,28588087,8126,Precious and Grace (No. 1 Ladies' Detective Agency #17),PRECIOUS AND GRACE
899,Sandra Brown,6218,3.95,6668592,11834,Rainwater,RAINWATER
900,Joel C. Rosenberg,221833,4.33,18232495,11185,The Auschwitz Escape,THE AUSCHWITZ ESCAPE
901,Debbie Macomber,11349,3.99,33133980,7402,Any Dream Will Do,ANY DREAM WILL DO
902,T.C. Clover,14824926,3.14,28425659,43,Shots Fired in the Melting Pot,SHOTS FIRED
903,David Weber,10517,4.14,18143937,2102,"Cauldron of Ghosts (Honorverse: Wages of Sin, #3)",CAULDRON OF GHOSTS
904,Craig Johnson,63607,4.22,23281918,6775,"Dry Bones (Walt Longmire, #11)",DRY BONES
905,Clive Cussler,18411,4.01,29429954,4691,"Odessa Sea (Dirk Pitt, #24)",ODESSA SEA
906,Marissa Meyer,4684322,4.17,29772863,14772,"Wires and Nerve (Wires and Nerve, #1)",WIRED
907,Dorothea Benton Frank,36935,3.76,5082616,5933,"Return to Sullivan's Island (Lowcountry Tales, #6)",RETURN TO SULLIVANS ISLAND
908,David Ebershoff,49229,3.63,2586771,53068,The 19th Wife,THE 19TH WIFE
909,Alexander McCall Smith,4738,3.86,18166859,3284,"The Novel Habits of Happiness (Isabel Dalhousie, #10)",THE NOVEL HABITS OF HAPPINESS
910,Susan Wiggs,21155,3.93,3134684,11256,Just Breathe,JUST BREATHE
911,James Lee Burke,7031,4.21,7200466,9199,"The Glass Rainbow (Dave Robicheaux, #18)",THE GLASS RAINBOW
912,Diane Mott Davidson,9556,3.71,3435815,6784,"Fatally Flaky (A Goldy Bear Culinary Mystery, #15)",FATALLY FLAKY
913,Lincoln Child,11091,3.67,32336166,5587,"Full Wolf Moon (Jeremy Logan, #5)",FULL WOLF MOON
914,Sandra Dallas,74078,3.84,4618898,15855,Prayers for Sale,PRAYERS FOR SALE
915,Janelle Brown,970639,3.72,32740062,13075,Watch Me Disappear,WATCH ME DISAPPEAR
916,Harry Brandt,8436083,3.62,22895696,8682,The Whites,THE WHITES
917,Ken Follett,3447,4.22,33571713,46038,"A Column of Fire (Kingsbridge, #3)",A COLUMN OF FIRE
918,Mary Higgins Clark,99044,3.47,24613096,2484,Death Wears a Beauty Mask and Other Stories,DEATH WEARS A BEAUTY MASK AND OTHER STORIES
919,Joanne Fluke,18819,3.50,30346650,4426,"Banana Cream Pie Murder (Hannah Swensen, #21)",BANANA CREAM PIE MURDER
920,Lisa Scottoline,20258,3.57,12037026,15818,Come Home,COME HOME
921,C.L. Taylor,7078175,3.78,16199630,10177,The Accident,THE ACCIDENT
922,Brad Taylor,1279042,4.17,23398849,3053,"The Insider Threat (Pike Logan, #8)",THE INSIDER THREAT
923,Mark Tufo,2990843,4.04,8167001,9844,"Zombie Fallout (Zombie Fallout, #1)",FALLOUT
924,David Baldacci,9291,4.01,2260637,25958,"The Whole Truth (A. Shaw, #1)",THE WHOLE TRUTH
925,John Carreyrou,17575761,4.48,37976541,43422,Bad Blood: Secrets and Lies in a Silicon Valley Startup,BAD BLOOD
926,Janet Evanovich,2384,3.82,19004663,45789,"Top Secret Twenty-One (Stephanie Plum, #21)",TOP SECRET
927,Gillian Flynn,2383,3.55,26025580,74150,The Grownup,THE GROWNUP
928,Brad Thor,5088,4.18,32620362,7501,Use of Force (Scot Harvath #17),USE OF FORCE
929,Carlos Ruiz Zafón,815,3.89,5196764,90733,"The Angel's Game (The Cemetery of Forgotten Books, #2)",THE ANGEL'S GAME
930,Danielle Steel,14255,3.52,7089888,10898,Big Girl,BIG GIRL
931,R.S. Grey,7324934,4.12,42439949,8150,Hotshot Doc,HOTSHOT
932,James Rollins,38809,4.18,22693168,3886,"War Hawk (Tucker Wayne, #2)",WAR HAWK
933,Upton Sinclair,23510,3.73,41681,118589,The Jungle,THE JUNGLE
934,Clive Cussler,18411,3.97,8219033,9334,"Crescent Dawn (Dirk Pitt, #21)",CRESCENT DAWN
935,Lisa Jackson,13757,3.88,7109143,6364,Without Mercy,WITHOUT MERCY
936,Laurie R. King,6760,4.05,22318363,6777,"Dreaming Spies (Mary Russell, #13)",DREAMING SPIES
937,Rachel Cohn,13139,3.50,26258306,4995,The Twelve Days of Dash and Lily,TWELVE DAYS
938,NaN,NaN,NaN,NaN,NaN,NaN,NaN
939,Tim Dorsey,27017,3.92,18072897,1525,"Tiger Shrimp Tango (Serge Storms, #17)",TIGER SHRIMP TANGO
940,Jill Mansell,23625,4.00,8421219,10790,To the Moon and Back,TO THE MOON AND BACK
941,Richard Russo,7844,3.31,6303733,15363,That Old Cape Magic,THAT OLD CAPE MAGIC
942,Mary Higgins Clark,99044,3.79,8682579,12992,I'll Walk Alone,I'LL WALK ALONE
943,Charlaine Harris,17061,3.67,10407279,87429,"Deadlocked (Sookie Stackhouse, #12)",DEADLOCKED
944,Richard Castle,1953433,3.97,20454547,5611,"Raging Heat (Nikki Heat, #6)",RAGING HEAT
945,Patricia Cornwell,1025097,3.61,24903919,14483,"Depraved Heart (Scarpetta, #23)",DEPRAVED HEART
946,Robert Jordan,6252,4.43,8253920,110071,"Towers of Midnight (Wheel of Time, #13)",TOWERS OF MIDNIGHT
947,Celeste Ng,164692,3.84,18693763,218974,Everything I Never Told You,EVERYTHING I NEVER TOLD YOU
948,Isaac Asimov,16667,4.15,29579,349540,Foundation (Foundation #1),FOUNDATION
949,Anna Quindlen,3500,3.36,36525343,9219,Alternate Side,ALTERNATE SIDE
950,Ilona Andrews,21748,4.10,10711412,4001,Of Swine and Roses,SWINE NOT
951,Jennifer Egan,49625,3.64,34467031,53829,Manhattan Beach,MANHATTAN BEACH
952,Clive Cussler,18411,4.25,26815417,5369,"The Emperor's Revenge (The Oregon Files, #11)",THE EMPEROR'S REVENGE
953,Jack Higgins,19706,3.82,18079632,1594,"The Death Trade (Sean Dillion, #20)",THE DEATH TRADE
954,Laurie R. King,6760,3.92,13330537,7276,"Garment of Shadows (Mary Russell, #12)",GARMENT OF SHADOWS
955,S.M. Stirling,14002,3.92,8848270,3254,"The High King of Montival (Emberverse, #7)",THE HIGH KING OF MONTIVAL
956,Robert B. Parker,397,3.97,7625566,8351,"Painted Ladies (Spenser, #38)",PAINTED LADIES
957,J.A. Jance,3453636,3.91,15803484,3405,"Deadly Stakes (Ali Reynolds, #8)",DEADLY STAKES
958,Maggie Stiefvater,1330292,3.77,6068551,397917,"Shiver (The Wolves of Mercy Falls, #1)",THE WOLVES
959,Janet Evanovich,2384,3.68,28524313,16947,"Curious Minds (Knight and Moon, #1)",CURIOUS MINDS
960,Cassandra Clare,150038,4.33,7171637,579396,"Clockwork Angel (The Infernal Devices, #1)",CLOCKWORK ANGELS
961,Paul S. Kemp,32912,3.77,22012290,10162,Lords of the Sith (Star Wars Disney Canon Novel),STAR WARS: LORDS OF THE SITH
962,Jo Nesbø,904719,4.23,18142329,27476,"Police (Harry Hole, #10)",POLICE
963,Iris Johansen,32498,3.99,6717377,6717,"Eight Days To Live (Eve Duncan, #10)",EIGHT DAYS TO LIVE
964,James Rollins,38809,4.13,18090019,7112,"The Kill Switch (Tucker Wayne, #1)",THE KILL SWITCH
965,Homer,903,3.75,1381,782931,The Odyssey,HOMER
966,Ian McEwan,2408,3.70,21965107,54169,The Children Act,THE CHILDREN ACT
967,Mary Oliver,23988,4.19,13588404,9609,A Thousand Mornings,A THOUSAND MORNINGS
968,John Stuart Mill,57651,3.95,385228,24867,On Liberty,LIBERTY
969,Mary Kay Andrews,21387,3.82,16045078,16047,Ladies' Night,LADIES' NIGHT
970,Faye Kellerman,48913,3.87,5458573,5063,"Blindman's Bluff (Peter Decker/Rina Lazarus, #18)",BLINDMAN'S BLUFF
971,Janet Evanovich,2384,3.78,12275680,30247,"Wicked Business (Lizzy &amp; Diesel, #2)",WICKED BUSINESS
972,James Frey,822,3.81,2179832,12555,Bright Shiny Morning,BRIGHT SHINY MORNING
973,David Weber,10517,4.04,15802917,4338,"Shadow of Freedom (Honorverse: Saganami Island, #3)",SHADOW OF FREEDOM
974,Jane Smiley,1339,3.61,20587777,17083,"Some Luck (Last Hundred Years: A Family Saga, #1)",SOME LUCK
975,Clive Cussler,18411,3.97,17707549,5379,"The Mayan Secrets (Sam and Remi Fargo Adventures, #5)",THE MAYAN SECRETS
976,Charlaine Harris,17061,3.89,7091488,143898,"Dead in the Family (Sookie Stackhouse, #10)",DEAD IN THE FAMILY
977,Peter V. Brett,1405152,4.14,13630171,26898,"The Skull Throne (Demon Cycle, #4)",THE SKULL THRONE
978,Tatiana de Rosnay,305400,3.09,12122542,10680,The House I Loved,THE HOUSE I LOVED
979,Edith Wharton,16,3.94,53835,126470,The Age of Innocence,INNOCENCE
980,Laurie R. King,6760,4.15,25177005,6539,"The Murder of Mary Russell (Mary Russell and Sherlock Holmes, #14)",THE MURDER OF MARY RUSSELL
981,James Ellroy,2887,3.62,20262505,3339,Perfidia,PERFIDIA
982,Jeff Lindsay,10482,3.73,2999282,20418,"Dexter By Design (Dexter, #4)",DEXTER BY DESIGN
983,Joanne Fluke,18819,3.82,6367212,8833,"Plum Pudding Murder (Hannah Swensen, #12)",PLUM PUDDING MURDER
984,Mark Cotta Vaz,61939,4.23,3609760,289882,Twilight: The Complete Illustrated Movie Companion,THE COMPANIONS
985,Marisha Pessl,2362,3.78,18770398,64548,Night Film,NIGHT FILM
986,Kailin Gow,78111,3.67,22007267,97,Barely Legal (Barely Legal #1),BARELY LEGAL
987,Terry Brooks,9629,3.92,18077816,4150,"The High Druid's Blade (The Defenders of Shannara, #1)",THE HIGH DRUID'S BLADE
988,Amy Bloom,115220,3.22,18316089,15372,Lucky Us,LUCKY US
989,Michael Connelly,12470,4.34,29154543,45205,"The Wrong Side of Goodbye (Harry Bosch, #19; Harry Bosch Universe, #28)",THE WRONG SIDE OF GOODBYE
990,J.D. Robb,17065,4.44,8315872,22126,"Treachery in Death (In Death, #32)",TREACHERY IN DEATH
991,Thomas Keneally,6900,3.64,17164599,3767,The Daughters of Mars,THE DAUGHTERS OF MARS
992,Liane Moriarty,322069,3.70,23751850,79516,The Hypnotist's Love Story,THE HYPNOTIST
993,David Weber,10517,4.11,13118201,4523,"Midst Toil and Tribulation (Safehold, #6)",MIDST TOIL AND TRIBULATION
994,James Patterson,3780,3.88,28352410,10507,"Bullseye (Michael Bennett, #9)",BULLSEYE
995,Toni Morrison,3534,3.71,23602473,18651,God Help the Child,GOD HELP THE CHILD
996,Douglas Preston,12577,4.04,14889780,17803,"Two Graves (Pendergast, #12)",TWO GRAVES
997,Anita Diamant,626222,3.80,22450859,69285,The Boston Girl,THE BOSTON GIRL
998,Diana Gabaldon,3617,4.52,11710373,77854,"Written in My Own Heart's Blood (Outlander, #8)",WRITTEN IN MY OWN HEART'S BLOOD
999,James Patterson,3780,3.84,28664911,11501,Woman of God,WOMAN OF GOD
